id,name,definition,example,category
1,"Agenten-Kurzschluss","Die Tendenz zu glauben, dass die Welt von mächtigen, unsichtbaren Akteuren kontrolliert wird.","Den Glauben, dass eine Pechsträhne das Werk eines Fluchs oder einer böswilligen Entität ist, anstatt des Zufalls.","not_enough_meaning"
2,"Ambiguitätseffekt","Die Tendenz, Optionen zu meiden, bei denen fehlende Informationen die Wahrscheinlichkeit 'unbekannt' erscheinen lassen.","Bei der Wahl einer Investition eine Aktie mit bekannter, stabiler Historie einer neuen Aktie mit unbekanntem Potenzial vorzuziehen, auch wenn die neue Aktie eine höhere Rendite haben könnte.","not_enough_meaning"
3,"Anker-Kurzschluss","Die Tendenz, sich bei Entscheidungen zu stark auf die erste angebotene Information (den 'Anker') zu verlassen.","Ein Gebrauchtwagenhändler bietet einen hohen Preis an, um die Verhandlungen zu beginnen; der endgültige Preis erscheint im Vergleich dazu vernünftiger, auch wenn er immer noch über dem tatsächlichen Wert des Autos liegt.","too_much_information"
4,"Anekdotischer Trugschluss","Die Verwendung einer persönlichen Erfahrung oder eines Einzelfalls anstelle eines fundierten Arguments oder überzeugender Beweise.","'Mein Großvater hat eine Schachtel pro Tag geraucht und wurde 90, also ist Rauchen nicht so schlimm für dich.'","not_enough_meaning"
5,"Anthropomorphismus","Die Tendenz, nicht-menschlichen Entitäten menschliche Züge, Emotionen oder Absichten zuzuschreiben.","Zu glauben, Ihr Auto sei 'wütend' auf Sie, wenn es nicht anspringt, oder zu denken, Ihr Hund fühle sich 'schuldig', nachdem er sich schlecht benommen hat.","not_enough_meaning"
6,"Aufmerksamkeitsverzerrung","Unsere Wahrnehmung wird überproportional von dem beeinflusst, was gerade unsere Aufmerksamkeit in Anspruch nimmt, was dazu führt, dass wir andere relevante Informationen vernachlässigen.","Eine Person, die versucht, mit dem Rauchen aufzuhören, wird überall andere Leute rauchen sehen, was es viel schwieriger macht, das Verlangen zu ignorieren.","too_much_information"
7,"Autoritäts-Kurzschluss","Die Tendenz, der Meinung einer Autoritätsperson eine größere Genauigkeit zuzuschreiben und sich stärker von dieser Meinung beeinflussen zu lassen.","Der Empfehlung eines Prominenten für ein medizinisches Produkt zu glauben, auch wenn dieser keine medizinische Expertise hat.","not_enough_meaning"
8,"Automatisierungs-Kurzschluss","Die Tendenz, sich übermäßig auf automatisierte Systeme zu verlassen, was dazu führen kann, dass fehlerhafte automatisierte Informationen korrekte Entscheidungen außer Kraft setzen.","Einem GPS-Navigationssystem an einen gefährlichen oder falschen Ort zu folgen und ihm mehr zu vertrauen als dem eigenen gesunden Menschenverstand.","not_enough_meaning"
9,"Verfügbarkeitskaskade","Ein sich selbst verstärkender Prozess, bei dem ein kollektiver Glaube durch seine zunehmende Wiederholung im öffentlichen Diskurs immer mehr an Plausibilität gewinnt.","Eine kleine Nachricht über eine seltene Krankheit kann zu einer weit verbreiteten Panik führen, da immer mehr Menschen darüber sprechen, wodurch die Bedrohung bedeutender erscheint, als sie ist.","too_much_information"
10,"Verfügbarkeitskurzschluss","Wir überschätzen die Bedeutung von Informationen, die leicht abrufbar sind. Wir werden von lebhaften, aktuellen oder emotional aufgeladenen Ereignissen beeinflusst.","Nachdem Sie mehrere Nachrichtenberichte über Haiangriffe gesehen haben, beginnen Sie zu glauben, dass diese viel häufiger sind, als sie tatsächlich sind, obwohl Autounfälle statistisch weitaus gefährlicher sind.","too_much_information"
11,"Bumerang-Effekt","Die Reaktion auf widerlegende Beweise durch die Stärkung der eigenen früheren Überzeugungen.","Wenn eine Person mit wissenschaftlichen Beweisen konfrontiert wird, die ihren politischen Überzeugungen widersprechen, könnte sie noch überzeugter davon werden, dass ihre ursprüngliche Überzeugung richtig ist.","need_to_act_fast"
12,"Mitläufereffekt","Die Tendenz, Dinge zu tun oder zu glauben, weil viele andere Menschen dasselbe tun oder glauben.","In eine 'Meme-Aktie' zu investieren, nur weil sie populär ist und viele andere dies tun, ohne ihren fundamentalen Wert zu recherchieren.","not_enough_meaning"
13,"Basisraten-Missachtung","Wir neigen dazu, allgemeine statistische Informationen (Basisraten) zugunsten spezifischer, beschreibender Informationen (Anekdoten) zu ignorieren.","Sie lesen eine lebhafte Geschichte über eine Person, die im Lotto gewonnen hat, also kaufen Sie ein Los und ignorieren die astronomischen Gewinnchancen (die Basisrate).","too_much_information"
14,"Überzeugungs-Kurzschluss","Die Tendenz, die Stärke von Argumenten auf der Grundlage der Plausibilität ihrer Schlussfolgerung zu beurteilen, anstatt darauf, wie stark sie diese Schlussfolgerung stützen.","Ein schlecht begründetes Argument wie 'Alle Blumen brauchen Licht, und Rosen brauchen Licht, also sind Rosen Blumen' zu akzeptieren, weil die Schlussfolgerung offensichtlich wahr ist, obwohl die Logik fehlerhaft ist.","not_enough_meaning"
15,"Ben-Franklin-Effekt","Eine Person, die jemandem einen Gefallen getan hat, ist wahrscheinlicher, dieser Person einen weiteren Gefallen zu tun, als wenn sie einen Gefallen von dieser Person erhalten hätte.","Wenn Sie möchten, dass jemand Sie mag, bitten Sie ihn, Ihnen einen kleinen Gefallen zu tun. Sein Gehirn wird rationalisieren, dass er Sie mögen muss, sonst hätte er nicht geholfen.","need_to_act_fast"
16,"Berkson-Paradoxon","Die Tendenz, statistische Experimente mit bedingten Wahrscheinlichkeiten falsch zu interpretieren.","Eine falsche Beobachtung, dass zwei wünschenswerte Merkmale negativ korreliert sind. Zum Beispiel könnte man in einer Krankenhauspopulation beobachten, dass Patienten mit Krankheit A seltener Krankheit B haben, was zu einer falschen Schlussfolgerung über die Beziehung der Krankheiten in der Allgemeinbevölkerung führt.","not_enough_meaning"
17,"Verzerrungs-blinder Fleck","Die Tendenz, sich selbst als weniger voreingenommen als andere Menschen zu sehen oder mehr kognitive Verzerrungen bei anderen als bei sich selbst identifizieren zu können.","Zu glauben, dass man in seinen politischen Ansichten objektiv und rational ist, während man Anhänger der gegnerischen Partei als völlig voreingenommen und unlogisch ansieht.","not_enough_meaning"
18,"Bizarreness-Effekt","Bizarre, ungewöhnliche oder überraschende Informationen werden besser erinnert als gewöhnliche und erwartete Informationen.","In einer Wortliste erinnern Sie sich eher an 'Schnabeltier' und 'Zeppelin' als an 'Stuhl' und 'Tisch'.","too_much_information"
19,"Wahl-stützende Verzerrung","Die Tendenz, sich an die eigenen Entscheidungen als besser zu erinnern, als sie tatsächlich waren.","Wenn Sie sich an eine frühere Entscheidung wie die Wahl einer Universität erinnern, erinnern Sie sich eher an die positiven Aspekte Ihrer Wahl und die negativen Aspekte der Alternativen.","too_much_information"
20,"Cluster-Illusion","Die Tendenz, Muster in zufälligen Ereignissen zu sehen. Sie ist zentral für den Spieler-Trugschluss.","Eine 'Glückssträhne' bei einem Basketballspieler zu sehen, der mehrere Würfe hintereinander getroffen hat, obwohl jeder Wurf ein unabhängiges Ereignis ist.","not_enough_meaning"
21,"Mitgefühls-Schwund","Die Tendenz, von einer großen Anzahl leidender Menschen weniger berührt zu sein als von einer einzelnen identifizierbaren Person.","Eine große Summe zu spenden, um einem einzelnen Kind zu helfen, dessen Geschichte man in den Nachrichten gesehen hat, aber weniger bereit zu sein, für einen Fonds zu spenden, der Tausenden von anonymen Kindern helfen würde.","too_much_information"
22,"Bestätigungs-Kurzschluss","Die Tendenz, Informationen so zu suchen, zu interpretieren, zu bevorzugen und abzurufen, dass sie die eigenen bereits bestehenden Überzeugungen oder Werte bestätigen oder unterstützen.","Eine Person, die glaubt, eine bestimmte politische Partei sei korrupt, wird hauptsächlich Nachrichten aus Quellen konsumieren, die über die Skandale dieser Partei berichten, während sie positive Nachrichten ignoriert.","too_much_information"
23,"Kongruenz-Kurzschluss","Die Tendenz, Hypothesen ausschließlich durch direktes Testen zu prüfen, anstatt mögliche alternative Hypothesen zu testen.","Wenn Sie glauben, dass ein bestimmter Stifttyp der beste ist, testen Sie ihn möglicherweise nur auf Papier, von dem Sie wissen, dass er gut funktioniert, anstatt ihn auf verschiedenen Oberflächen auszuprobieren, auf denen er möglicherweise versagt.","too_much_information"
24,"Konjunktions-Trugschluss","Die Tendenz anzunehmen, dass spezifische Bedingungen wahrscheinlicher sind als eine einzelne allgemeine.","Zu glauben, es sei wahrscheinlicher, dass eine Frau eine 'feministische Bankangestellte' ist als nur eine 'Bankangestellte', obwohl die erste Kategorie eine Teilmenge der zweiten ist.","not_enough_meaning"
25,"Konservatismus-Verzerrung","Die Tendenz, die eigene Überzeugung nur unzureichend zu revidieren, wenn neue Beweise vorgelegt werden.","Ein Investor hält an einer Aktie fest, die schlecht abschneidet, und glaubt, seine ursprüngliche positive Einschätzung sei trotz zunehmender negativer Nachrichten immer noch gültig.","too_much_information"
26,"Kontext-Effekt","Unsere Kognition und unser Gedächtnis werden durch den Kontext beeinflusst, in dem wir Informationen erhalten. Derselbe Reiz kann je nach den umgebenden Hinweisen unterschiedlich interpretiert werden.","Eine Person könnte einen Wein als angenehmer bewerten, wenn er in einem schicken Restaurant mit eleganter Musik serviert wird, als wenn sie denselben Wein aus einem Plastikbecher bei einem Picknick trinkt.","too_much_information"
27,"Kontrast-Effekt","Die Verstärkung oder Verminderung einer Wahrnehmung, Kognition oder verwandten Leistung als Ergebnis der aufeinanderfolgenden oder gleichzeitigen Exposition gegenüber einem Reiz von geringerem oder größerem Wert in derselben Dimension.","Eine mittelmäßige Präsentation wird viel besser erscheinen, wenn sie auf eine schreckliche folgt, und viel schlechter, wenn sie auf eine exzellente folgt.","too_much_information"
28,"Höflichkeits-Verzerrung","Die Tendenz, eine Meinung abzugeben, die sozial korrekter ist als die eigene wahre Meinung, um niemanden zu beleidigen.","Einem Freund zu sagen, dass man seinen neuen Haarschnitt liebt, auch wenn man ihn heimlich unvorteilhaft findet.","need_to_act_fast"
29,"Kryptomnesie","Eine Gedächtnisverzerrung, bei der eine Person fälschlicherweise erinnert, einen Gedanken, eine Idee, ein Lied oder einen Witz hervorgebracht zu haben, ohne absichtlich Plagiate zu begehen, sondern eine Erinnerung als neue Inspiration erlebt.","Ein Musiker könnte eine Melodie komponieren, von der er glaubt, sie sei originell, nur um später festzustellen, dass sie einem Lied sehr ähnlich ist, das er vor Jahren gehört hat.","what_to_remember"
30,"Hinweis-abhängiges Vergessen","Die Unfähigkeit, Informationen ohne die spezifischen Hinweise abzurufen, die bei der Bildung der Erinnerung vorhanden waren.","Sie gehen in einen Raum, um etwas zu holen, vergessen aber, was es war. Wenn Sie in Ihren ursprünglichen Raum zurückkehren, frischt der Kontext Ihr Gedächtnis auf und Sie erinnern sich.","too_much_information"
31,"Fluch des Wissens","Wenn es besser informierten Menschen extrem schwerfällt, über Probleme aus der Perspektive weniger informierter Menschen nachzudenken.","Ein erfahrener Ingenieur, der Fachjargon verwendet, wenn er einem Anfänger ein Konzept erklärt, und annimmt, dieser habe das gleiche Hintergrundwissen.","not_enough_meaning"
32,"Deklinismus","Der Glaube, dass eine Gesellschaft oder Institution zum Niedergang neigt. Überwiegend ist es die Tendenz, die Vergangenheit in einem günstigeren Licht und die Zukunft in einem negativeren Licht zu sehen.","Darauf zu bestehen, dass Musik und Filme in der Vergangenheit 'so viel besser' waren und dass die zeitgenössische Kultur ein Zeichen des gesellschaftlichen Verfalls ist.","what_to_remember"
33,"Lockvogel-Effekt","Das Phänomen, bei dem Verbraucher dazu neigen, eine spezifische Präferenzänderung zwischen zwei Optionen zu haben, wenn auch eine dritte Option präsentiert wird, die asymmetrisch dominiert wird.","Ein Kino bietet ein kleines Popcorn für 3€ und ein großes für 7€ an. Die meisten Leute kaufen das kleine. Wenn eine mittlere Option für 6,50€ eingeführt wird, kaufen die meisten Leute jetzt das große, weil es wie ein viel besseres Angebot erscheint.","need_to_act_fast"
34,"Standard-Effekt","Wenn man die Wahl zwischen mehreren Optionen hat, die Tendenz, die Standardoption zu bevorzugen.","Die meisten Leute bleiben bei den Standardeinstellungen ihres Telefons, auch wenn eine Anpassung vorteilhaft wäre.","need_to_act_fast"
35,"Stückelungs-Effekt","Die Tendenz, mehr Geld auszugeben, wenn es in kleinen Beträgen anstatt in großen Beträgen gestückelt ist.","Es ist wahrscheinlicher, dass Sie vier 5€-Scheine ausgeben als einen einzigen 20€-Schein.","need_to_act_fast"
36,"Dispositionseffekt","Die Tendenz, Vermögenswerte zu verkaufen, die an Wert gewonnen haben, während man Vermögenswerte behält, die an Wert verloren haben.","Ein Investor verkauft eine Aktie, die einen Gewinn von 20% erzielt hat, um 'Gewinne zu sichern', hält aber an einer Aktie fest, die 30% verloren hat, in der Hoffnung, sie werde 'zurückkommen'.","need_to_act_fast"
37,"Unterscheidungs-Verzerrung","Die Tendenz, zwei Optionen als unähnlicher anzusehen, wenn man sie gleichzeitig bewertet, als wenn man sie getrennt bewertet.","Bei der Wahl zwischen zwei Fernsehern in einem Geschäft könnten Sie sich auf winzige, unbedeutende Unterschiede in den Spezifikationen konzentrieren. Zu Hause würden Sie wahrscheinlich keinen Unterschied zwischen ihnen bemerken.","too_much_information"
38,"Dunning-Kruger-Effekt","Die Tendenz von unqualifizierten Personen, ihre eigenen Fähigkeiten zu überschätzen, und die Tendenz von Experten, ihre eigenen Fähigkeiten zu unterschätzen.","Eine Person, die gerade erst eine neue Sprache lernt, könnte glauben, sie sei fast fließend, während ein wahrer Experte sich seiner eigenen Grenzen schmerzlich bewusst ist.","need_to_act_fast"
39,"Dauer-Vernachlässigung","Die Vernachlässigung der Dauer eines Ereignisses bei der Bestimmung seines Wertes.","Sich an einen langen, angenehmen Urlaub aufgrund seiner Höhepunkte und seines Endes zu erinnern, anstatt an seine Gesamtdauer.","what_to_remember"
40,"Egozentrische Verzerrung","Die Tendenz, sich zu stark auf die eigene Perspektive zu verlassen und/oder eine höhere Meinung von sich selbst zu haben als die Realität.","Zu überschätzen, wie sehr Ihre Freunde mit Ihren politischen Meinungen übereinstimmen, oder mehr Anerkennung für den Erfolg eines Gruppenprojekts zu beanspruchen, als objektiv gerechtfertigt ist.","what_to_remember"
41,"Empathie-Lücke","Wir unterschätzen den Einfluss von viszeralen Trieben auf unsere eigenen Einstellungen, Vorlieben und Verhaltensweisen. Es ist schwer vorstellbar, wie wir uns in einem anderen emotionalen oder physiologischen Zustand fühlen würden.","Wenn man nicht hungrig ist, ist es leicht zu entscheiden, dass man zum Abendessen einen gesunden Salat essen wird. Wenn die Essenszeit kommt und man ausgehungert ist, ist das Verlangen nach einem fettigen Burger viel stärker als erwartet.","too_much_information"
42,"Besitztumseffekt","Die Tendenz von Menschen, viel mehr zu verlangen, um ein Objekt aufzugeben, als sie bereit wären, für den Erwerb zu zahlen.","Einen einfachen Kaffeebecher, den Sie kostenlos erhalten haben, auf 10€ zu schätzen, aber nicht bereit zu sein, mehr als 3€ für denselben Becher in einem Geschäft zu bezahlen.","need_to_act_fast"
43,"Essentialismus","Der Glaube, dass Dinge eine Reihe von Eigenschaften haben, die sie zu dem machen, was sie sind, und dass die Aufgabe von Wissenschaft und Philosophie ihre Entdeckung und ihr Ausdruck ist.","Der Glaube, dass es eine 'Essenz' des männlichen oder weiblichen Seins gibt, die festgelegt ist und nicht geändert werden kann.","not_enough_meaning"
44,"Übertriebene Erwartung","Die Tendenz zu glauben, dass ein zukünftiges Ereignis extremer sein wird, als es sich tatsächlich herausstellt.","Zu glauben, dass der Lottogewinn alle Lebensprobleme lösen und ewiges Glück bringen wird.","not_enough_meaning"
45,"Versuchsleiter-Effekt","Eine Form der Reaktivität, bei der die kognitive Voreingenommenheit eines Forschers dazu führt, dass er die Teilnehmer eines Experiments unbewusst beeinflusst.","Ein Lehrer, der von einem Schüler gute Leistungen erwartet, kann ihm unabsichtlich mehr Ermutigung und besseres Feedback geben, was zu besseren Leistungen führt.","too_much_information"
46,"Extrinsische Anreiz-Verzerrung","Die Tendenz, die Motivationen anderer Menschen eher extrinsischen Faktoren (wie Arbeitsbelohnungen) und unsere eigenen Motivationen eher intrinsischen Faktoren (wie Lernen und Freude) zuzuschreiben.","Zu glauben, Ihr Kollege arbeite nur hart für das Gehalt, während Sie glauben, Sie arbeiten hart, weil Sie leidenschaftlich bei der Arbeit sind.","not_enough_meaning"
47,"Falscher Konsens-Effekt","Die Tendenz von Menschen, das Ausmaß zu überschätzen, in dem andere mit ihnen übereinstimmen.","Schockiert zu sein, wenn man herausfindet, dass ein politischer Kandidat, den man unterstützt, die Wahl verloren hat, weil es sich anfühlte, als ob 'jeder', den man kannte, für ihn gestimmt hat.","not_enough_meaning"
48,"Falsche Erinnerung","Ein psychologisches Phänomen, bei dem eine Person sich an etwas erinnert, das nicht passiert ist, oder es anders erinnert, als es tatsächlich passiert ist.","Viele Menschen haben eine falsche Erinnerung daran, Bugs Bunny in Disneyland gesehen zu haben, obwohl Bugs Bunny eine Figur von Warner Bros. ist.","what_to_remember"
49,"Fokussierungseffekt","Die Tendenz, einem Aspekt eines Ereignisses zu viel Bedeutung beizumessen, was zu einem Fehler bei der genauen Vorhersage des Nutzens eines zukünftigen Ergebnisses führt.","Menschen glauben oft, dass das Leben in Kalifornien sie viel glücklicher machen würde, und konzentrieren sich auf das gute Wetter, während sie andere Faktoren wie Verkehr und Lebenshaltungskosten ignorieren.","too_much_information"
50,"Forer-Effekt (Barnum-Effekt)","Die Beobachtung, dass Individuen Beschreibungen ihrer Persönlichkeit hohe Genauigkeitsbewertungen geben, die angeblich speziell auf sie zugeschnitten sind, aber tatsächlich vage und allgemein genug sind, um auf eine breite Palette von Menschen zuzutreffen.","Menschen glauben leicht an vage Horoskopvorhersagen, weil sie leicht Beispiele aus ihrem eigenen Leben finden können, die die Aussagen zu bestätigen scheinen.","not_enough_meaning"
51,"Framing-Effekt","Unterschiedliche Schlussfolgerungen aus denselben Informationen zu ziehen, je nachdem, wie diese Informationen präsentiert werden.","Ein Produkt, das als '90% fettfrei' beworben wird, ist ansprechender als eines, das als '10% Fett' beschrieben wird, obwohl sie dasselbe sind.","need_to_act_fast"
52,"Frequenz-Illusion (Baader-Meinhof-Phänomen)","Nachdem man etwas zum ersten Mal bemerkt hat, gibt es eine Tendenz, es häufiger zu bemerken, was einen zu der Annahme verleitet, dass es häufiger vorkommt.","Sie lernen ein neues Wort und scheinen dieses Wort dann plötzlich überall zu sehen oder zu hören.","too_much_information"
53,"Funktionale Fixierung","Eine kognitive Verzerrung, die eine Person darauf beschränkt, ein Objekt nur so zu verwenden, wie es traditionell verwendet wird.","Einen Hammer zu brauchen, aber nicht zu erkennen, dass man einen schweren Schraubenschlüssel verwenden könnte, um einen Nagel einzuschlagen.","not_enough_meaning"
54,"Fundamentaler Attributionsfehler","Die Tendenz von Menschen, situative Erklärungen für das beobachtete Verhalten einer Person zu unterbetonen, während sie dispositionelle und persönlichkeitsbasierte Erklärungen überbetonen.","Anzunehmen, dass eine Person, die Ihnen im Verkehr den Weg abschneidet, ein egoistischer Idiot ist, anstatt zu bedenken, dass sie sich in einem Notfall befinden könnte.","not_enough_meaning"
55,"Spieler-Trugschluss","Die Tendenz zu denken, dass zukünftige Wahrscheinlichkeiten durch vergangene Ereignisse verändert werden, obwohl sie in Wirklichkeit unverändert sind.","Nachdem eine Münze fünfmal hintereinander auf Kopf gelandet ist, könnte eine Person glauben, dass der nächste Wurf 'fällig' ist, um auf Zahl zu landen.","not_enough_meaning"
56,"Google-Effekt (Digitale Amnesie)","Die Tendenz, Informationen zu vergessen, die leicht online über Internet-Suchmaschinen gefunden werden können.","Es ist weniger wahrscheinlich, dass Sie sich an eine bestimmte Tatsache wie den Geburtstag eines Schauspielers erinnern, weil Sie wissen, dass Sie sie leicht auf Ihrem Telefon nachschlagen können.","what_to_remember"
57,"Gruppen-Attributionsfehler","Die Tendenz zu glauben, dass die Eigenschaften eines einzelnen Gruppenmitglieds die Gruppe als Ganzes widerspiegeln.","Nach einer negativen Interaktion mit einem einzelnen Touristen aus einem bestimmten Land zu dem Schluss zu kommen, dass jeder aus diesem Land unhöflich ist.","not_enough_meaning"
58,"Gruppendenken","Das psychologische Phänomen, das innerhalb einer Gruppe von Menschen auftritt, bei dem der Wunsch nach Harmonie oder Konformität in der Gruppe zu einem irrationalen oder dysfunktionalen Entscheidungsergebnis führt.","In einem Geschäftstreffen einigen sich alle leitenden Manager auf einen riskanten Plan. Jüngere Mitglieder zögern, sich dagegen auszusprechen, aus Angst, die Harmonie zu stören und als nicht zum Team gehörig angesehen zu werden.","need_to_act_fast"
59,"Halo-Effekt","Die Tendenz, dass die positiven oder negativen Eigenschaften einer Person von einem Bereich ihrer Persönlichkeit auf einen anderen in der Wahrnehmung anderer 'überschwappen'.","Anzunehmen, eine körperlich attraktive Person sei auch intelligent, freundlich und witzig.","not_enough_meaning"
60,"Schwer-Leicht-Effekt","Die Tendenz, die eigene Fähigkeit zur Durchführung einer schwierigen Aufgabe zu überschätzen und die eigene Fähigkeit zur Durchführung einer leichten Aufgabe zu unterschätzen.","Ein Student könnte übermütig sein, was seine Fähigkeit betrifft, eine komplexe Forschungsarbeit zu schreiben, aber unterzuversichert sein, was seine Fähigkeit betrifft, ein einfaches Multiple-Choice-Quiz zu bestehen.","need_to_act_fast"
61,"Rückschaufehler","Die Tendenz, vergangene Ereignisse als zum Zeitpunkt ihres Geschehens vorhersagbar anzusehen.","Nach einem Börsencrash könnten die Leute sagen, sie hätten 'die ganze Zeit gewusst, dass es kommen würde', auch wenn sie es nicht taten.","what_to_remember"
62,"Feindselige Attributionsverzerrung","Die Tendenz, das Verhalten anderer als feindselig zu interpretieren, selbst wenn das Verhalten mehrdeutig oder harmlos ist.","Wenn jemand Sie in einem überfüllten Raum anrempelt, nehmen Sie sofort an, dass er es absichtlich getan hat, um aggressiv zu sein.","not_enough_meaning"
63,"Heisse-Hand-Trugschluss","Der Glaube, dass eine Person, die bei einem zufälligen Ereignis Erfolg hatte, eine größere Chance auf weiteren Erfolg bei zusätzlichen Versuchen hat.","Ein Basketballspieler, der seine letzten paar Würfe getroffen hat, wird geglaubt, eine 'heiße Hand' zu haben und wahrscheinlicher seinen nächsten Wurf zu treffen.","not_enough_meaning"
64,"Humor-Effekt","Humorvolle Elemente werden leichter erinnert als nicht-humorvolle.","Es ist wahrscheinlicher, dass Sie sich an die Details einer lustigen Werbung erinnern als an eine ernste, selbst für ein ähnliches Produkt.","too_much_information"
65,"Hyperbolische Diskontierung","Die Tendenz von Menschen, zunehmend eine kleinere, schnellere Belohnung einer größeren, späteren Belohnung vorzuziehen, wenn die Verzögerung früher als später eintritt.","Lieber heute 50€ zu erhalten als in sechs Monaten 100€, auch wenn letzteres finanziell die bessere Wahl ist.","need_to_act_fast"
66,"IKEA-Effekt","Die Tendenz von Menschen, Produkten, die sie teilweise selbst hergestellt haben, einen unverhältnismäßig hohen Wert beizumessen.","Das Gefühl, dass das Bücherregal, das Sie mühsam selbst zusammengebaut haben, wertvoller ist als ein identisches, vormontiertes aus dem Laden.","need_to_act_fast"
67,"Kontrollillusion","Die Tendenz, die eigene Fähigkeit zur Kontrolle von Ereignissen zu überschätzen.","Menschen glauben oft, sie könnten das Ergebnis eines Würfelwurfs beeinflussen, indem sie ihn für eine hohe Zahl härter und für eine niedrige Zahl weicher werfen.","not_enough_meaning"
68,"Illusion der Erklärungstiefe","Die Illusion, dass man ein Thema in weitaus größerem Detail versteht, als man es tatsächlich tut.","Zuversichtlich zu glauben, man wisse, wie ein Reißverschluss funktioniert, aber nicht in der Lage zu sein, den Mechanismus zu erklären, wenn man gefragt wird.","not_enough_meaning"
69,"Illusion der Transparenz","Die Tendenz von Menschen, das Ausmaß zu überschätzen, in dem ihr persönlicher Geisteszustand von anderen bekannt ist.","Zu glauben, dass Ihre Nervosität für das Publikum offensichtlich ist, wenn Sie eine Präsentation halten, obwohl es sie nicht bemerkt.","not_enough_meaning"
70,"Illusion der Gültigkeit","Wir überschätzen unsere Fähigkeit, das Ergebnis bei der Analyse eines Datensatzes genau zu interpretieren und vorherzusagen, insbesondere wenn die analysierten Daten ein sehr konsistentes Muster aufweisen.","Ein Personalverantwortlicher könnte sich zuversichtlich fühlen, den besten Kandidaten auf der Grundlage eines kurzen Interviews auszuwählen, obwohl Studien zeigen, dass unstrukturierte Interviews schlechte Prädiktoren für die Arbeitsleistung sind.","not_enough_meaning"
71,"Scheinkorrelation","Das Phänomen, eine Beziehung zwischen Variablen wahrzunehmen, auch wenn keine solche Beziehung besteht.","Zu glauben, dass es immer regnet, nachdem man sein Auto gewaschen hat.","not_enough_meaning"
72,"Illustre Überlegenheit (Lake-Wobegon-Effekt)","Die menschliche Tendenz, die eigenen Leistungen und Fähigkeiten im Verhältnis zu anderen zu überschätzen.","In einer Umfrage könnten 90% der Fahrer ihre eigenen Fahrkünste als 'überdurchschnittlich' bewerten.","need_to_act_fast"
73,"Illusorischer Wahrheitseffekt","Wir neigen eher dazu, Informationen zu glauben, denen wir wiederholt ausgesetzt waren, unabhängig davon, ob sie wahr sind oder nicht.","Eine politische Lüge kann, wenn sie von Nachrichtenagenturen und Politikern häufig wiederholt wird, von einem Teil der Bevölkerung als Wahrheit akzeptiert werden.","too_much_information"
74,"Impact Bias (Einfluss-Verzerrung)","Die Tendenz, die Dauer oder Intensität zukünftiger Gefühlszustände zu überschätzen.","Zu glauben, dass eine Trennung von einem Partner einen jahrelang am Boden zerstören wird, obwohl der emotionale Schmerz in Wirklichkeit viel schneller nachlässt.","need_to_act_fast"
75,"Informations-Verzerrung","Die Tendenz, Informationen zu suchen, wenn sie die Handlung nicht beeinflussen.","Weiterhin verschiedene Automodelle zu recherchieren, auch nachdem man bereits eine Entscheidung getroffen und eines gekauft hat.","too_much_information"
76,"Eigengruppen-Verzerrung","Die Tendenz von Menschen, anderen, die sie als Mitglieder ihrer eigenen Gruppen wahrnehmen, eine Vorzugsbehandlung zu gewähren.","Einen Kandidaten von der eigenen Alma Mater einzustellen, anstatt eines qualifizierteren Kandidaten von einer anderen Schule.","not_enough_meaning"
77,"Unempfindlichkeit gegenüber der Stichprobengröße","Die Tendenz, die Variation in kleinen Stichproben zu unterschätzen. Wir ziehen oft Schlussfolgerungen aus kleinen Datenmengen, ohne die Rolle des Zufalls zu berücksichtigen.","Ein Krankenhaus meldet, dass an einem bestimmten Tag 60% der geborenen Babys Jungen waren. Die Leute sind darüber überraschter, wenn das Krankenhaus groß ist (viele Geburten), als wenn es klein ist (wenige Geburten), obwohl kleine Stichproben eher extreme Ergebnisse zeigen.","not_enough_meaning"
78,"Irrationale Eskalation (Sunk-Cost-Trugschluss)","Das Phänomen, bei dem Menschen erhöhte Investitionen in eine Entscheidung rechtfertigen, basierend auf der kumulativen vorherigen Investition, trotz neuer Beweise, die darauf hindeuten, dass die Entscheidung wahrscheinlich falsch war.","Weiterhin Geld in ein scheiterndes Geschäftsprojekt zu stecken, weil 'wir schon zu viel investiert haben, um jetzt aufzuhören.'","need_to_act_fast"
79,"Gerechte-Welt-Glaube","Die Tendenz zu glauben, dass die Welt gerecht ist und dass die Menschen bekommen, was sie verdienen.","Das Opfer eines Verbrechens oder Unfalls zu beschuldigen, indem man annimmt, es müsse etwas getan haben, um sein Schicksal zu verdienen.","not_enough_meaning"
80,"Gesetz des Instruments (Maslows Hammer)","Eine übermäßige Abhängigkeit von einem vertrauten Werkzeug; wenn man nur einen Hammer hat, sieht alles wie ein Nagel aus.","Eine Person, die sehr gut mit Tabellenkalkulationen umgehen kann, könnte versuchen, jedes Geschäftsproblem mit einer Tabellenkalkulation zu lösen, auch wenn andere Werkzeuge angemessener wären.","not_enough_meaning"
81,"Weniger-ist-besser-Effekt","Eine kognitive Verzerrung, die Menschen dazu veranlasst, eine kleinere Menge von Gegenständen einer größeren Menge vorzuziehen, auch wenn die größere Menge alle Gegenstände der kleineren Menge plus mehr enthält.","Lieber einen hochwertigen Schal als Geschenk zu erhalten als ein Geschenkset, das denselben Schal plus einen weniger begehrenswerten, billigeren Artikel enthält.","need_to_act_fast"
82,"Nivellierung und Akzentuierung","Zwei entgegengesetzte Gedächtnisverzerrungen, die im Laufe der Zeit auftreten. Nivellierung ist der Verlust von Details, während Akzentuierung die Betonung bestimmter Details ist.","Beim Nacherzählen einer Geschichte könnte eine Person geringfügige Details vergessen (Nivellierung), aber den aufregendsten Teil übertreiben (Akzentuierung).","what_to_remember"
83,"Spiegel-Selbst","Ein sozialpsychologisches Konzept, das besagt, dass das Selbst einer Person aus den zwischenmenschlichen Interaktionen der Gesellschaft und den Wahrnehmungen anderer erwächst.","Wenn die Leute Sie konsequent als Führungspersönlichkeit behandeln, können Sie anfangen, sich selbst als eine zu sehen und entsprechend zu handeln.","not_enough_meaning"
84,"Verlustaversion","Die Tendenz, Verluste lieber zu vermeiden, als gleichwertige Gewinne zu erzielen. Es ist besser, 5€ nicht zu verlieren, als 5€ zu finden.","Mehr Schmerz durch den Verlust von 100€ zu empfinden als Freude durch den Gewinn von 100€.","need_to_act_fast"
85,"Mere-Exposure-Effekt (Effekt der bloßen Darbietung)","Wir neigen dazu, eine Vorliebe für Dinge zu entwickeln, nur weil wir mit ihnen vertraut sind.","Ein neues Lied mag Ihnen beim ersten Hören nicht gefallen, aber nachdem Sie es mehrmals im Radio gehört haben, fangen Sie an, es zu genießen.","too_much_information"
86,"Fehlinformationseffekt","Das Gedächtnis wird aufgrund von Informationen nach dem Ereignis ungenauer.","Ein Zeuge, der gefragt wird: 'Wie schnell fuhren die Autos, als sie ineinander krachten?', könnte sich später daran erinnern, dass die Autos schneller fuhren, als sie tatsächlich waren.","what_to_remember"
87,"Moralische Selbstlizenzierung","Die Tendenz einer Erfolgsbilanz der Nicht-Vorverurteilung, nachfolgende Vorurteile zu verstärken. Eine Person, die eine moralische Handlung vollzogen hat, kann sich fühlen, als hätte sie eine 'Lizenz', eine unmoralische zu begehen.","Nach einer Spende für wohltätige Zwecke könnte sich eine Person gerechtfertigt fühlen, später am Tag unhöflich zu einem Dienstleister zu sein.","not_enough_meaning"
88,"Morisches Glück","Das Phänomen, bei dem einem moralischen Akteur moralische Schuld oder Lob für eine Handlung oder deren Konsequenzen zugewiesen wird, auch wenn klar ist, dass dieser Akteur weder über die Handlung noch über deren Konsequenzen die volle Kontrolle hatte.","Ein betrunkener Fahrer, der sicher nach Hause kommt, wird weniger hart beurteilt als einer, der einen Fußgänger anfährt, obwohl seine Entscheidung, betrunken zu fahren, ebenso rücksichtslos war.","not_enough_meaning"
89,"Naiver Zynismus","Die kognitive Verzerrung, die auftritt, wenn Menschen bei anderen mehr egozentrische Voreingenommenheit erwarten, als tatsächlich der Fall ist.","Zu glauben, dass eine Person, die eine freundliche Tat vollbringt, ein egoistisches Hintergedanken haben muss.","not_enough_meaning"
90,"Naiver Realismus","Die menschliche Tendenz zu glauben, dass wir die Welt um uns herum objektiv sehen und dass Menschen, die mit uns nicht übereinstimmen, uninformiert, irrational oder voreingenommen sein müssen.","Zu glauben, dass die eigenen politischen Meinungen auf reinen Fakten und Logik beruhen und dass jeder, der anderer Meinung ist, einfach falsch informiert ist.","not_enough_meaning"
91,"Negativitätsverzerrung","Negative Ereignisse und Emotionen haben einen größeren Einfluss auf unseren psychologischen Zustand und unsere Prozesse als neutrale oder positive.","Sie erhalten zehn positive Kommentare und einen negativen Kommentar zu einer Präsentation. Sie werden sich wahrscheinlich auf das einzige negative Feedback konzentrieren.","too_much_information"
92,"Wahrscheinlichkeitsvernachlässigung","Die Tendenz, die Wahrscheinlichkeit bei einer Entscheidung unter Unsicherheit vollständig zu ignorieren.","Sich für das Autofahren anstelle des Fliegens zu entscheiden, aus Angst vor Flugzeugabstürzen, trotz der statistisch weitaus höheren Wahrscheinlichkeit eines Autounfalls.","not_enough_meaning"
93,"Normalitätsverzerrung","Die Weigerung, für eine Katastrophe zu planen oder darauf zu reagieren, die noch nie zuvor passiert ist.","Einwohner einer Küstenstadt, die Hurrikan-Evakuierungswarnungen ignorieren, weil sie 'hier noch nie einen schlimmen Sturm hatten'.","need_to_act_fast"
94,"Nicht-hier-erfunden-Syndrom","Abneigung gegen den Kontakt mit oder die Verwendung von Produkten, Forschung, Standards oder Wissen, das außerhalb einer Gruppe entwickelt wurde.","Das Ingenieurteam eines Unternehmens, das darauf besteht, ein neues Software-Tool von Grund auf neu zu entwickeln, obwohl bereits ein perfekt gutes und billigeres Drittanbieter-Tool existiert.","not_enough_meaning"
95,"Unterlassungsverzerrung","Die Tendenz, schädliche Handlungen als schlimmer oder weniger moralisch zu beurteilen als ebenso schädliche Unterlassungen (Nichthandeln).","Eine Person, die einen Patienten sterben lässt, indem sie kein lebensrettendes Medikament verabreicht, wird oft weniger hart beurteilt als eine Person, die ein tödliches Medikament verabreicht, auch wenn das Ergebnis dasselbe ist.","too_much_information"
96,"Optimismus-Verzerrung","Die Tendenz, übermäßig optimistisch zu sein und günstige und erfreuliche Ergebnisse zu überschätzen.","Eine Person könnte glauben, dass sie weniger wahrscheinlich ein negatives Ereignis wie einen Autounfall oder eine schwere Krankheit erleben wird als andere Menschen.","need_to_act_fast"
97,"Vogel-Strauß-Effekt","Die Entscheidung, gefährliche oder negative Informationen zu ignorieren, indem man den Kopf in den Sand steckt, wie ein Strauß.","Ein Anleger, der es vermeidet, sein Portfolio während eines Marktabschwungs zu überprüfen, in der Hoffnung, das Problem werde von selbst verschwinden.","too_much_information"
98,"Fremdgruppen-Homogenitäts-Verzerrung","Die Wahrnehmung von Mitgliedern der Fremdgruppe als ähnlicher zueinander als Mitglieder der Eigengruppe.","Zu glauben, dass 'alle Fans dieser rivalisierenden Sportmannschaft gleich sind', während man große Vielfalt unter den Fans der eigenen Mannschaft sieht.","not_enough_meaning"
99,"Selbstüberschätzungseffekt","Die Tendenz, dass das subjektive Vertrauen einer Person in ihre Urteile zuverlässig größer ist als ihre objektive Genauigkeit.","Ein Student, der sich sicher ist, eine Prüfung mit Bestnote bestanden zu haben, ist überrascht, als er nur eine mittelmäßige Note erhält.","need_to_act_fast"
100,"Pareidolie","Eine Art von Apophenie, es ist die Tendenz, ein spezifisches, oft bedeutungsvolles Bild in einem zufälligen oder mehrdeutigen visuellen Muster wahrzunehmen.","Den 'Mann im Mond' oder ein Gesicht in einem Stück Toast zu sehen.","not_enough_meaning"
101,"Parkinsons Gesetz der Trivialität","Die Tendenz, trivialen Themen unverhältnismäßig viel Gewicht beizumessen.","Ein Ausschuss könnte 45 Minuten damit verbringen, über die Farbe des Fahrradschuppens zu debattieren, und nur 15 Minuten über einen millionenschweren Kernreaktorvorschlag.","too_much_information"
102,"Spitze-Ende-Regel","Dass Menschen eine Erfahrung hauptsächlich danach beurteilen, wie sie sich an ihrem Höhepunkt und an ihrem Ende gefühlt haben, anstatt auf der Grundlage der Gesamtsumme oder des Durchschnitts jedes Moments.","Ein Urlaub könnte als großartig in Erinnerung bleiben, wenn er einen fantastischen letzten Tag hatte, auch wenn der größte Teil der Reise mittelmäßig war.","what_to_remember"
103,"Pessimismus-Verzerrung","Die Tendenz einiger Menschen, insbesondere derer, die an Depressionen leiden, die Wahrscheinlichkeit negativer Ereignisse, die ihnen widerfahren, zu überschätzen.","Eine Person könnte glauben, dass sie eine Prüfung mit Sicherheit nicht bestehen wird, auch wenn sie gründlich gelernt hat und gut vorbereitet ist.","need_to_act_fast"
104,"Bild-Überlegenheitseffekt","Wir erinnern uns besser an Konzepte und Ideen, wenn sie als Bilder anstatt als Text präsentiert werden.","IKEA-Anleitungen sind effektiv, weil sie auf einfachen Diagrammen anstatt auf komplexen Textbeschreibungen beruhen.","too_much_information"
105,"Placebo-Effekt","Die Tendenz, dass sich die körperliche oder geistige Gesundheit einer Person nach der Einnahme eines Placebos oder einer inerten Behandlung zu verbessern scheint.","Die Kopfschmerzen eines Patienten verschwinden nach der Einnahme einer Zuckerpille, von der er glaubt, es sei ein starkes Schmerzmittel.","not_enough_meaning"
106,"Planungsfehlschluss","Die Tendenz, die Zeit, die Kosten und die Risiken zukünftiger Handlungen zu unterschätzen und gleichzeitig die Vorteile zu überschätzen.","Zuversichtlich vorherzusagen, dass eine Hausrenovierung zwei Wochen dauern und 5.000€ kosten wird, nur damit sie zwei Monate dauert und 10.000€ kostet.","need_to_act_fast"
107,"Nachkauf-Rationalisierung (Käufer-Stockholm-Syndrom)","Die Tendenz, sich durch rationale Argumente davon zu überzeugen, dass ein Kauf ein guter Wert war.","Nach dem Kauf eines teuren Smartphones konzentrieren Sie sich auf seine positiven Eigenschaften und ignorieren seine Mängel, um sich davon zu überzeugen, dass Sie die richtige Entscheidung getroffen haben.","too_much_information"
108,"Pro-Innovations-Verzerrung","Die Tendenz, einen übermäßigen Optimismus gegenüber der Nützlichkeit einer Erfindung oder Innovation zu haben und deren Einschränkungen und Schwächen herunterzuspielen.","Zu glauben, dass eine neue Technologie alle Probleme eines Unternehmens lösen wird, ohne die Kosten für Implementierung, Schulung und potenzielle Nachteile zu berücksichtigen.","need_to_act_fast"
109,"Projektions-Verzerrung","Die Tendenz, unbewusst anzunehmen, dass andere dieselben oder ähnliche Gedanken, Überzeugungen, Werte oder Positionen teilen.","Anzunehmen, Ihre Freunde werden dasselbe scharfe Essen lieben wie Sie, und es für den ganzen Tisch zu bestellen, ohne zu fragen.","not_enough_meaning"
110,"Pseudogewissheits-Effekt","Die Tendenz, risikoscheue Entscheidungen zu treffen, wenn das erwartete Ergebnis positiv ist, aber risikofreudige Entscheidungen zu treffen, um negative Ergebnisse zu vermeiden.","Einen 'garantierten' Rabatt von 10% einer '50%igen Chance' auf einen Rabatt von 20% vorzuziehen, obwohl sie den gleichen Erwartungswert haben.","need_to_act_fast"
111,"Reaktanz","Der Drang, das Gegenteil von dem zu tun, was jemand von Ihnen möchte, aus dem Bedürfnis heraus, einem wahrgenommenen Versuch, Ihre Wahlfreiheit einzuschränken, zu widerstehen.","Ein Teenager könnte speziell mit dem Rauchen anfangen, weil seine Eltern es ihm verboten haben.","need_to_act_fast"
112,"Reaktive Abwertung","Einen Vorschlag oder ein Angebot abzuwerten, nur weil es als von einem Gegner stammend wahrgenommen wird.","Einen politischen Vorschlag automatisch abzulehnen, nur weil er von der gegnerischen Partei stammt, ohne seine Vorzüge zu berücksichtigen.","not_enough_meaning"
113,"Rezenz-Effekt","Die Tendenz, jüngere Informationen oder Ereignisse stärker zu gewichten als frühere Informationen.","Ein Manager, der einem Mitarbeiter eine Leistungsbeurteilung gibt, die stark auf seiner Arbeit im letzten Monat basiert und seine Leistung über das ganze Jahr ignoriert.","too_much_information"
114,"Reziprozität","Die soziale Norm, auf eine positive Handlung mit einer weiteren positiven Handlung und auf eine negative Handlung mit einer weiteren negativen zu reagieren.","Sich verpflichtet zu fühlen, ein Produkt von einem Verkäufer zu kaufen, der Ihnen eine kostenlose Probe gegeben hat.","need_to_act_fast"
115,"Zurückhaltungs-Verzerrung","Die Tendenz, die eigene Fähigkeit zur Zurückhaltung angesichts von Versuchungen zu überschätzen.","Eine große Tüte Chips zu kaufen und zu glauben, man werde nur eine kleine Handvoll essen, aber am Ende die ganze Tüte aufessen.","need_to_act_fast"
116,"Reim-als-Grund-Effekt","Die Tendenz, reimende Aussagen als wahrer wahrzunehmen.","Dem Sprichwort 'An apple a day keeps the doctor away' leichter zu glauben, weil es sich reimt.","not_enough_meaning"
117,"Risikokompensation (Peltzman-Effekt)","Die Tendenz, größere Risiken einzugehen, wenn die wahrgenommene Sicherheit zunimmt.","Schneller und aggressiver in einem Auto mit fortschrittlichen Sicherheitsmerkmalen wie Antiblockiersystem und Airbags zu fahren.","need_to_act_fast"
118,"Rosige Rückschau","Die Tendenz, vergangene Ereignisse positiver zu bewerten, als man sie tatsächlich bewertet hatte, als das Ereignis stattfand.","Sich an einen schwierigen Campingausflug aus der Kindheit als lustiges Abenteuer zu erinnern und den Regen, die Mücken und die unbequemen Nächte zu vergessen.","what_to_remember"
119,"Salienz-Verzerrung","Die Tendenz, sich auf die am leichtesten erkennbaren Merkmale einer Person oder eines Konzepts zu konzentrieren.","Wenn Sie über den Tod nachdenken, machen Sie sich vielleicht mehr Sorgen über einen dramatischen Haiangriff als über das wahrscheinlichere, aber weniger auffällige Risiko einer Herzerkrankung.","too_much_information"
120,"Selektive Wahrnehmung","Die Tendenz, dass Erwartungen die Wahrnehmung beeinflussen. Wir sehen, was wir erwarten zu sehen.","Fans einer Sportmannschaft sehen eher Fouls der gegnerischen Mannschaft und übersehen Fouls der eigenen.","too_much_information"
121,"Selbsttäuschung","Ein Prozess des Leugnens oder Rationalisierens der Bedeutung, Relevanz oder Wichtigkeit gegenteiliger Beweise und logischer Argumente.","Ein Raucher, der trotz Kenntnis der Gesundheitsrisiken weiterraucht und sich sagt: 'Die Statistiken gelten nicht für mich.'","not_enough_meaning"
122,"Selbstrelevanz-Effekt","Wir erinnern uns besser an Informationen, wenn wir sie in irgendeiner Weise auf uns selbst beziehen können.","Es ist wahrscheinlicher, dass Sie sich an den Geburtstag von jemandem erinnern, wenn er in der Nähe Ihres eigenen liegt.","too_much_information"
123,"Selbstwertdienliche Verzerrung","Die Tendenz, Erfolg unseren eigenen Fähigkeiten und Bemühungen zuzuschreiben, aber Misserfolg externen Faktoren zuzuschreiben.","Eine '1' in einer Prüfung zu bekommen und zu sagen 'Ich bin schlau', aber eine '6' zu bekommen und zu sagen 'der Lehrer war unfair'.","not_enough_meaning"
124,"Verzerrung durch geteilte Informationen","Die Tendenz von Gruppenmitgliedern, mehr Zeit und Energie damit zu verbringen, Informationen zu diskutieren, mit denen alle Mitglieder bereits vertraut sind.","In einem Meeting zur Entscheidung über eine Neueinstellung verbringt das Team die meiste Zeit damit, über die Universität des Kandidaten zu diskutieren, die jeder kennt, anstatt über seine einzigartigen Berufserfahrungen.","too_much_information"
125,"Soziale Vergleichsverzerrung","Die Tendenz, bei Entscheidungen potenzielle Kandidaten zu bevorzugen, die nicht mit den eigenen besonderen Stärken konkurrieren.","Ein Manager könnte zögern, einen Kandidaten einzustellen, der in einem bestimmten Bereich qualifizierter ist als er selbst.","not_enough_meaning"
126,"Soziale Erwünschtheits-Verzerrung","Die Tendenz von Umfrageteilnehmern, Fragen so zu beantworten, dass sie von anderen positiv bewertet werden.","In einer Umfrage könnten mehr Menschen behaupten, zu wählen oder für wohltätige Zwecke zu spenden, als es tatsächlich tun, weil dies sozial erwünschte Handlungen sind.","need_to_act_fast"
127,"Quellenamnesie","Die Unfähigkeit, sich daran zu erinnern, wo, wann oder wie man Wissen gelernt hat, das erworben und behalten wurde.","Sich an eine Tatsache zu erinnern, aber nicht sagen zu können, ob man sie in einem Lehrbuch gelesen, in den Nachrichten gehört oder von einem Freund erzählt bekommen hat.","what_to_remember"
128,"Spacing-Effekt (Verteilungseffekt)","Das Phänomen, bei dem das Lernen größer ist, wenn das Lernen über die Zeit verteilt wird, im Gegensatz zum Lernen der gleichen Zeitmenge in einer einzigen Sitzung.","Ein Fach eine Stunde pro Tag für eine Woche zu lernen, ist für die langfristige Beibehaltung effektiver als sieben Stunden in einer Nacht zu pauken.","what_to_remember"
129,"Spotlight-Effekt","Die Tendenz, zu überschätzen, wie sehr andere Menschen Ihr Aussehen oder Verhalten bemerken.","Sich wegen eines kleinen Flecks auf dem Hemd extrem verlegen zu fühlen und anzunehmen, jeder starre darauf, obwohl in Wirklichkeit niemand ihn bemerkt hat.","not_enough_meaning"
130,"Status-quo-Verzerrung","Die Tendenz, dass die Dinge relativ gleich bleiben sollen.","Lieber eine lang gehaltene, unterdurchschnittlich performende Investition zu behalten, als zu einer neuen mit besseren Aussichten zu wechseln.","need_to_act_fast"
131,"Stereotypisierung","Von einer Gruppe oder Person zu erwarten, dass sie bestimmte Eigenschaften hat, ohne echte Informationen über die Person zu haben.","Anzunehmen, alle Bibliothekare seien ruhig und schüchtern oder alle Bauarbeiter stark und zäh.","not_enough_meaning"
132,"Subadditivitätseffekt","Die Tendenz, die Wahrscheinlichkeit des Ganzen als geringer einzuschätzen als die Wahrscheinlichkeiten der Teile.","Die Wahrscheinlichkeit, dass eine Mannschaft eine Meisterschaft gewinnt, als geringer einzuschätzen als die Summe der Wahrscheinlichkeiten, die man ihr für den Gewinn jedes einzelnen Playoff-Spiels zuweisen würde.","not_enough_meaning"
133,"Subjektive Validierung","Die Tendenz, eine Aussage oder Information als korrekt zu akzeptieren, wenn sie für uns eine persönliche Bedeutung oder Signifikanz hat.","Menschen glauben leicht an vage Horoskopvorhersagen, weil sie leicht Beispiele aus ihrem eigenen Leben finden können, die die Aussagen zu bestätigen scheinen.","too_much_information"
134,"Suggestibilität","Die Eigenschaft, geneigt zu sein, die Vorschläge anderer anzunehmen und danach zu handeln.","Suggestivfragen eines Vernehmers können dazu führen, dass ein Zeuge falsche Details in seine Erinnerung an ein Ereignis einbaut.","what_to_remember"
135,"Survivorship-Verzerrung (Überlebens-Kurzschluss)","Sich auf die Menschen oder Dinge zu konzentrieren, die einen Prozess 'überlebt' haben, und dabei versehentlich diejenigen zu übersehen, die dies aufgrund ihrer mangelnden Sichtbarkeit nicht taten.","Die Gewohnheiten erfolgreicher Studienabbrecher wie Bill Gates und Mark Zuckerberg zu studieren und zu dem Schluss zu kommen, dass ein Studienabbruch zum Erfolg führt, während man die große Mehrheit der Abbrecher ignoriert, die nicht erfolgreich waren.","not_enough_meaning"
136,"System-Rechtfertigung","Die Tendenz, den Status quo zu verteidigen und zu stärken. Bestehende soziale, wirtschaftliche und politische Arrangements werden tendenziell bevorzugt und Alternativen herabgesetzt, manchmal sogar auf Kosten des individuellen und kollektiven Eigeninteresses.","Menschen in niedrigeren sozioökonomischen Schichten könnten ein System verteidigen, das für sie wirtschaftlich nachteilig ist, weil es das System ist, mit dem sie vertraut sind.","need_to_act_fast"
137,"Teleskop-Effekt","Die Tendenz, jüngste Ereignisse in der Zeit nach hinten und ferne Ereignisse in der Zeit nach vorne zu verschieben, so dass jüngste Ereignisse ferner und ferne Ereignisse jünger erscheinen.","Sie könnten denken, ein Ereignis, das vor zwei Jahren stattfand, sei erst vor einem Jahr geschehen (Vorwärts-Teleskopieren), oder ein Ereignis vom letzten Monat sei vor drei Monaten geschehen (Rückwärts-Teleskopieren).","what_to_remember"
138,"Test-Effekt","Die Feststellung, dass das Langzeitgedächtnis oft verbessert wird, wenn ein Teil der Lernphase dem Abrufen der zu erinnernden Informationen gewidmet ist.","Sich aktiv selbst zu Material abzufragen, ist eine effektivere Art zu lernen, als es nur erneut zu lesen.","what_to_remember"
139,"Third-Person-Effekt","Die Hypothese, dass Menschen dazu neigen, wahrzunehmen, dass Massenmedienbotschaften einen größeren Einfluss auf andere als auf sich selbst haben.","Zu glauben, dass gewalttätige Videospiele andere Menschen aggressiver machen, man selbst aber immun gegen ihre Auswirkungen ist.","not_enough_meaning"
140,"Zeitersparnis-Verzerrung","Die Tendenz, die Zeit, die durch Erhöhen oder Verringern der Geschwindigkeit gespart (oder verloren) werden könnte, falsch einzuschätzen.","Zu glauben, dass eine Erhöhung der Geschwindigkeit von 100 km/h auf 130 km/h auf einer kurzen Strecke mehr Zeit spart, als es tatsächlich der Fall ist.","need_to_act_fast"
141,"Eigenschaftszuschreibungs-Verzerrung","Die Tendenz von Menschen, sich selbst als relativ variabel in Bezug auf Persönlichkeit, Verhalten und Stimmung anzusehen, während sie andere als viel vorhersagbarer ansehen.","Die eigenen Handlungen als situationsabhängig anzusehen, aber die Handlungen eines Kollegen als Spiegelbild seiner festen Persönlichkeit zu sehen.","not_enough_meaning"
142,"Ultimativer Attributionsfehler","Ein Attributionsfehler auf Gruppenebene, der eine Erklärung dafür bietet, wie eine Person unterschiedliche Ursachen für negatives und positives Verhalten bei Mitgliedern der Eigengruppe und der Fremdgruppe sieht.","Wenn ein Mitglied unserer eigenen Gruppe etwas Gutes tut, sehen wir es als Spiegelbild seines Charakters. Wenn ein Mitglied einer Fremdgruppe etwas Gutes tut, sehen wir es als Ergebnis von Glück oder Umständen.","not_enough_meaning"
143,"Einheiten-Verzerrung","Die Tendenz, eine gegebene Einheit einer Aufgabe oder eines Gegenstands beenden zu wollen. Starker Einfluss insbesondere auf den Verzehr von Lebensmitteln.","Sich gezwungen zu fühlen, das ganze Sandwich auf dem Teller aufzuessen, auch wenn man bereits satt ist.","need_to_act_fast"
144,"Von-Restorff-Effekt","Ein Element, das heraussticht, wird eher erinnert als andere Elemente. Auch als Isolationseffekt bekannt.","In der Liste: Apfel, Banane, Auto, Orange, Traube; das Wort 'Auto' wird eher erinnert, weil es sich von den anderen unterscheidet.","too_much_information"
145,"Weber-Fechner-Gesetz","Das Prinzip, dass der eben merkliche Unterschied eines Reizes ein konstanter Anteil des ursprünglichen Reizes ist.","Man würde den Unterschied zwischen einem 1kg- und einem 2kg-Gewicht bemerken, aber nicht zwischen einem 50kg- und einem 51kg-Gewicht.","too_much_information"
146,"Effekt der gut befahrenen Straße","Die Tendenz, die Zeit für die Fahrt auf einer vertrauten Strecke zu überschätzen und die Zeit für die Fahrt auf einer neuen Strecke zu unterschätzen.","Ihr täglicher Arbeitsweg fühlt sich länger an als eine neue, gleich lange Fahrt zu einem Urlaubsort.","need_to_act_fast"
147,"Frauen-sind-wunderbar-Effekt","Ein Phänomen, bei dem Frauen mit mehr positiven Eigenschaften assoziiert werden als Männer.","Eine allgemeine Überzeugung zu haben, dass Frauen fürsorglicher, freundlicher und mitfühlender sind als Männer.","not_enough_meaning"
148,"Null-Risiko-Verzerrung","Die Präferenz, ein kleines Risiko auf Null zu reduzieren, anstatt eine größere Reduzierung eines größeren Risikos vorzunehmen.","Eine Politik zu wählen, die ein 0,1%iges Risiko einer bestimmten Art von Unfall vollständig eliminiert, anstatt einer Politik, die ein 5%iges Risiko einer anderen Art von Unfall halbiert.","need_to_act_fast"
149,"Nullsummen-Kurzschluss","Eine Verzerrung, bei der eine Person dazu neigt, Situationen als Nullsummenspiel zu sehen (d.h. der Gewinn einer Person ist der Verlust einer anderen).","Zu glauben, dass, wenn die Wirtschaft eines anderen Landes wächst, dies auf Kosten der Wirtschaft des eigenen Landes gehen muss.","not_enough_meaning"
150,"Zeigarnik-Effekt","Die Tendenz, sich besser an unerledigte oder unterbrochene Aufgaben zu erinnern als an erledigte Aufgaben.","Ein Kellner erinnert sich eher an die Bestellungen eines Tisches, der noch nicht bezahlt hat, als an einen Tisch, der seine Rechnung bereits beglichen hat.","what_to_remember"
