id,nom,definition,exemple,categorie
1,"Argument du Statut d'Expert","Le sophisme consistant à affirmer qu'une déclaration est vraie ou doit être acceptée parce que la personne qui la fait détient une position d'autorité, d'expertise ou de statut élevé, exigeant la croyance sur la base de son titre plutôt que des preuves fournies. Cela inclut les appels au 'consensus scientifique' lorsqu'ils sont utilisés pour clore le débat plutôt que pour présenter des preuves.","'En tant que chef de département, je peux vous dire que ce projet réussira, et vous n'avez pas besoin de voir les données. Ma position est une preuve suffisante.' ou 'Vous devez accepter que cette théorie est correcte car 97% des scientifiques sont d'accord ; remettre en question le consensus est illégitime.'","pertinence"
2,"Ad Hominem","Ce sophisme se produit lorsque quelqu'un rejette ou critique le point de vue d'une autre personne sur la base de caractéristiques personnelles, de son passé, de son apparence physique ou d'autres caractéristiques non pertinentes pour l'argument en question.","'Vous ne pouvez pas faire confiance aux conseils médicaux du Dr Smith sur le régime alimentaire car elle est en surpoids.' Cela attaque l'apparence personnelle du Dr Smith, qui n'est pas pertinente pour la validité scientifique de ses recommandations médicales.","pertinence"
3,"Tu Quoque (Appel à l'hypocrisie)","Un type spécifique de sophisme ad hominem qui rejette un argument en soulignant l'hypocrisie de l'argumentateur. Il détourne la critique en la retournant contre l'accusateur, mais l'hypocrisie de l'argumentateur n'invalide pas son argument.","'Mon père m'a dit de ne pas faire d'excès de vitesse parce que c'est dangereux, mais je n'ai pas à l'écouter car il a eu une contravention pour excès de vitesse l'année dernière.' Les actions passées du père ne changent rien au fait que l'excès de vitesse est objectivement dangereux.","pertinence"
4,"Sophisme génétique","Ce sophisme consiste à accepter ou à rejeter une affirmation sur la base de son origine, de sa source ou de son histoire, plutôt que d'évaluer son mérite actuel ou ses preuves. La source d'une idée est indépendante de sa vérité ou de sa fausseté.","'Cette voiture ne peut pas être bonne ; elle a été fabriquée dans un pays connu pour ses produits bon marché.' Cela juge la voiture sur son lieu de fabrication, et non sur ses performances réelles, ses cotes de sécurité ou sa qualité de construction.","pertinence"
5,"Ad Populum (Effet de mode)","Ce sophisme affirme qu'une proposition doit être vraie parce que beaucoup ou la plupart des gens la croient. Il fait appel au désir de s'intégrer et d'être du côté des gagnants, mais la popularité d'une idée n'a aucune incidence sur sa validité.","'Des millions de personnes sont passées à ce nouveau smartphone, il doit donc être le meilleur sur le marché.' La popularité du téléphone pourrait être due à un marketing réussi plutôt qu'à des fonctionnalités ou une qualité supérieures.","pertinence"
6,"Appel à l'autorité (Non pertinent)","Cela se produit lorsqu'un argument repose sur le témoignage d'une figure d'autorité qui n'est pas un expert dans le domaine concerné. Bien que citer des experts pertinents soit une partie valide d'un argument, citer une autorité non pertinente est fallacieux.","'Un acteur célèbre a déclaré dans une interview que cette marque spécifique de vitamine C préviendra les rhumes, alors je fais des réserves.' L'acteur est une autorité en matière de comédie, pas en immunologie ou en nutrition.","pertinence"
7,"Appel à la nature","C'est l'argument selon lequel quelque chose est bon parce que c'est 'naturel', ou mauvais parce que c'est 'artificiel'. C'est un sophisme car le caractère naturel de quelque chose n'est pas intrinsèquement lié à ses qualités positives ou négatives.","'Vous ne devriez pas vous faire vacciner ; c'est contre nature. Il vaut mieux développer son immunité par une infection naturelle.' Cela ignore le fait que de nombreuses choses naturelles, comme le cyanure, l'arsenic et les virus mortels, sont extrêmement nocives.","pertinence"
8,"Appel à la tradition","Ce sophisme soutient qu'une thèse doit être correcte parce qu'elle a une longue tradition derrière elle. Le fait qu'une idée existe depuis longtemps ne la rend pas automatiquement vraie ou meilleure que les idées plus récentes.","'Notre entreprise utilise cette structure de gestion depuis cinquante ans et a réussi, il n'y a donc pas besoin de la changer.' Cela ignore la possibilité que les conditions du marché aient changé et qu'une nouvelle structure puisse être encore plus efficace.","pertinence"
9,"Appel à la pauvreté (Argumentum ad Lazarum)","Ce sophisme est l'hypothèse qu'une conclusion est correcte parce que l'orateur est pauvre, ou qu'elle est incorrecte parce que l'orateur est riche. C'est l'opposé de l'Appel à la richesse.","'Les moines ont renoncé à toute richesse matérielle. Ils doivent avoir atteint la véritable illumination.' Leur pauvreté ne prouve pas leur sagesse.","pertinence"
10,"Appel à la richesse (Argumentum ad Crumenam)","Ce sophisme suppose qu'un argument est correct parce que l'orateur est riche ou, inversement, qu'un argument est incorrect parce que l'orateur est pauvre. Le succès financier n'est pas une mesure de la véracité d'un argument.","'Si tu es si intelligent, pourquoi n'es-tu pas riche ? Ce milliardaire dit que cet investissement est une chose sûre, et il devrait le savoir.' Cela assimile le succès financier à l'expertise dans tous les domaines.","pertinence"
11,"Sophisme moralisateur","Ce sophisme passe d'une déclaration sur la façon dont les choses *devraient* être à une affirmation factuelle sur la façon dont les choses *sont*. Il suppose que le monde s'adaptera à nos croyances morales, ce qui est une forme de vœu pieux.","'Tout le monde devrait être traité sur un pied d'égalité, par conséquent, il n'y a pas de différences génétiques innées dans les capacités entre les gens.' L'impératif moral de l'égalité de traitement n'entraîne pas logiquement une conclusion factuelle sur l'uniformité biologique.","pertinence"
12,"Sophisme naturaliste (Sophisme du 'est-devrait')","Cela se produit lorsque quelqu'un argumente à partir d'une déclaration de fait (ce qui 'est') à une déclaration de valeur (ce qui 'devrait' être). Il suppose que la façon dont les choses sont est la façon dont elles devraient être.","'Parce que les animaux dans la nature mangent de la viande, il est moralement acceptable pour les humains de manger de la viande.' Cet argument prend un fait descriptif sur le monde naturel et essaie d'en dériver une prescription morale.","pertinence"
13,"Le hareng rouge","C'est une tactique de distraction. Un argumentateur commet un sophisme du hareng rouge en introduisant un sujet non pertinent dans une discussion pour détourner l'attention du problème initial.","'Interrogé sur son bilan de vote en matière de protection de l'environnement, un sénateur répond : 'Je suis beaucoup plus préoccupé par la menace du terrorisme.'' Cela évite la question en introduisant un autre problème.","pertinence"
14,"L'homme de paille","Ce sophisme se produit lorsque quelqu'un déforme, dénature ou exagère la position d'un adversaire pour la rendre plus facile à attaquer. Au lieu de réfuter l'argument réel, il abat une version plus faible et fabriquée.","'Personne A : 'Je pense que nous devrions augmenter le financement des écoles publiques.' Personne B : 'Donc, vous dites que nous devrions simplement jeter de l'argent illimité dans un système défaillant et ignorer notre dette nationale ? C'est irresponsable !''","pertinence"
15,"Appel à l'émotion","Il s'agit d'une vaste catégorie de sophismes qui consiste à manipuler les émotions d'un public — telles que la peur, la pitié ou la joie — afin de gagner un argument, surtout en l'absence de preuves factuelles.","'Une publicité pour une œuvre de charité montre des photos tristes d'enfants affamés avec une musique émouvante, exhortant les téléspectateurs à faire un don.' La publicité fait principalement appel à la pitié plutôt que de présenter un cas logique.","pertinence"
16,"Appel à la peur (Argumentum ad Baculum)","Un type spécifique d'appel à l'émotion où un argumentateur tente de créer un soutien pour une idée en instillant la peur d'une alternative. Il s'appuie sur des tactiques de peur au lieu de preuves.","'Si nous n'adoptons pas ce projet de loi sur la surveillance, une attaque terroriste majeure sur notre sol est inévitable.' Cet argument utilise la peur, et non la preuve de l'efficacité du projet de loi.","pertinence"
17,"Appel à la flatterie","Ce sophisme consiste à utiliser la flatterie et les compliments pour persuader un public d'accepter une conclusion, plutôt que de fournir des preuves. L'appel s'adresse à la vanité de l'auditeur, et non à son intellect.","'Une personne de votre goût raffiné peut sûrement voir la qualité supérieure de cette œuvre d'art coûteuse.' Le compliment vise à rendre l'acheteur potentiel plus agréable.","pertinence"
18,"Appel à la pitié (Argumentum ad Misericordiam)","Ce sophisme tente de gagner le soutien d'un argument ou d'une idée en exploitant les sentiments de pitié ou de culpabilité de l'adversaire. L'appel émotionnel est utilisé comme substitut à un argument raisonné.","'Professeur, je sais que j'ai échoué à l'examen, mais j'ai eu un semestre très difficile. Si je ne réussis pas ce cours, je perdrai ma bourse. Vous devez me donner une note de passage.'","pertinence"
19,"Appel au ridicule","Ce sophisme consiste à présenter l'argument d'un adversaire comme absurde, ridicule ou humoristique, et donc indigne d'une considération sérieuse. La moquerie est utilisée à la place d'une véritable contre-argumentation.","'Vous croyez vraiment à la théorie de l'évolution ? Vous pensez donc que votre grand-père était un singe ? C'est hilarant !' Cette caricature vise à se moquer de la position plutôt qu'à s'engager avec les preuves.","pertinence"
20,"Appel à la rancune","Ce sophisme tente d'influencer un public en exploitant ses sentiments existants d'amertume, de rancune ou de ressentiment envers la partie adverse. L'argument est basé sur l'animosité plutôt que sur la logique.","'Pourquoi soutiendriez-vous une politique proposée par ce parti ? Rappelez-vous comment ils ont bloqué le projet de loi que nous voulions tous l'année dernière ? Votons contre juste pour leur rendre la pareille.'","pertinence"
21,"Pensée magique (Wishful Thinking)","Ce sophisme se produit lorsqu'une personne conclut qu'une proposition doit être vraie parce qu'elle veut qu'elle soit vraie. Le désir que quelque chose soit vrai est utilisé comme preuve de sa véracité.","'Je suis sûr que j'obtiendrai le poste car il serait parfait pour moi et j'en ai vraiment besoin.' Le désir de l'orateur n'a aucune incidence sur la décision de l'employeur.","pertinence"
22,"Appel à la nouveauté (Argumentum ad Novitatem)","Ce sophisme prétend qu'une idée ou une proposition est correcte ou supérieure uniquement parce qu'elle est nouvelle et moderne. La nouveauté n'est pas une preuve de qualité ou de vérité.","'Notre entreprise doit passer à ce nouveau logiciel de gestion. C'est la dernière version, il doit donc être beaucoup plus efficace que notre ancien système.'","pertinence"
23,"Argument de l'incrédulité","Ce sophisme affirme qu'une proposition doit être fausse parce qu'elle contredit les attentes ou les croyances personnelles, ou parce qu'elle est difficile à imaginer. L'incapacité d'une personne à comprendre quelque chose ne le rend pas faux.","'Je trouve impossible de croire que l'immensité de l'univers ait pu émerger d'un seul point lors du Big Bang. Par conséquent, la théorie doit être fausse.'","pertinence"
24,"Appel à l'ignorance (Argumentum ad Ignorantiam)","Ce sophisme affirme qu'une proposition est vraie parce qu'il n'y a aucune preuve pour la prouver fausse, ou qu'elle est fausse parce qu'il n'y a aucune preuve pour la prouver vraie. Un manque de preuves n'est pas une preuve.","'Personne n'a jamais pu prouver que les fantômes n'existent pas, il est donc raisonnable de croire qu'ils existent.' La charge de la preuve incombe à la personne qui fait l'affirmation.","pertinence"
25,"Appel à la vérité évidente","Ce sophisme consiste à présenter une affirmation comme 'évidente' ou 'manifeste' et ne nécessitant donc aucune preuve à l'appui. Cette tactique tente de clore le débat.","'Il est évident que l'augmentation des impôts sur les sociétés nuit à l'économie.' Ceci est présenté comme un fait indéniable, mais c'est une affirmation économique complexe qui nécessite des preuves.","pertinence"
26,"Appel à la pierre (Argumentum ad Lapidem)","Ce sophisme consiste à rejeter une déclaration comme absurde sans donner aucune preuve de son absurdité. C'est un refus de s'engager avec l'argument lui-même.","'La personne A expose un argument détaillé pour un changement de politique. La personne B répond simplement en disant : 'C'est la proposition la plus absurde que j'aie jamais entendue', et n'offre aucun contre-argument.'","pertinence"
27,"Sophisme de la charge de la preuve","Ce sophisme se produit lorsque quelqu'un fait une affirmation mais met la charge de la preuve sur l'autre partie pour la réfuter, plutôt que de fournir des preuves pour sa propre affirmation. Celui qui affirme doit prouver.","'J'affirme qu'une théière orbite autour du soleil entre la Terre et Mars. Puisque vous ne pouvez pas prouver qu'elle n'est pas là, vous devez accepter mon affirmation comme vraie.'","pertinence"
28,"Sophisme de composition","C'est l'erreur de supposer que ce qui est vrai d'une partie est aussi vrai du tout. Les propriétés des parties ne se transfèrent pas nécessairement aux propriétés de l'entité complète.","'Chaque joueur de cette équipe de basket-ball est une superstar. Par conséquent, l'équipe elle-même doit être la meilleure de la ligue.' Cela ignore qu'une équipe de superstars peut ne pas avoir une bonne alchimie.","pertinence"
29,"Sophisme de division","L'inverse du sophisme de composition, c'est l'erreur de supposer que ce qui est vrai du tout est aussi vrai de ses parties.","'Notre entreprise est très rentable. Par conséquent, chaque employé de notre entreprise doit être rentable.' Cela ignore que le succès est un résultat collectif.","pertinence"
30,"Sophisme de la cause unique (Simplification excessive causale)","Ce sophisme se produit lorsqu'on suppose qu'il y a une seule cause simple à un résultat alors qu'en réalité, il peut avoir été causé par un certain nombre de causes suffisantes conjointement.","'La fusillade à l'école s'est produite à cause des jeux vidéo violents.' Cela simplifie à l'extrême un événement complexe, en ignorant d'autres facteurs contributifs potentiels.","pertinence"
31,"Sophisme d'intentionnalité","C'est le biais de supposer que les résultats des actions d'une personne étaient ce qu'elle avait l'intention de faire. Il s'agit souvent d'attribuer une intention malveillante à des accidents ou à des conséquences involontaires.","'Mon collègue n'a pas répondu à mon e-mail important, il doit donc m'ignorer intentionnellement.' Cela suppose un motif malveillant, alors qu'il a peut-être simplement manqué l'e-mail.","pertinence"
32,"Exagération du conflit","Ce sophisme se produit lorsque quelqu'un exagère un désaccord mineur ou interne entre experts dans un domaine pour rejeter entièrement le consensus du domaine.","'Les scientifiques ne sont pas d'accord sur le taux exact du changement climatique, donc tout le concept de réchauffement climatique n'est probablement pas vrai.' Cela ignore le consensus écrasant sur le fait qu'il se produit.","pertinence"
33,"Sophisme ludique","C'est l'utilisation abusive de jeux et de modèles statistiques de hasard pour représenter des situations complexes du monde réel, en ignorant l'impact d'événements 'cygnes noirs' inconnus.","'D'après mes modèles financiers, le marché a 0,1 % de chances de s'effondrer, donc mes investissements sont parfaitement sûrs.' Cela traite l'économie comme un jeu de casino avec des cotes connues.","pertinence"
34,"Déplacement des poteaux de but","Ce sophisme se produit lorsque les critères de preuve ou d'acceptation d'un argument sont modifiés après que les critères initiaux ont été remplis. C'est une tactique déloyale pour éviter de concéder un point.","'Personne A : 'Prouvez que votre politique réduira les coûts.' La personne B fournit un rapport montrant des réductions de coûts. La personne A répond : 'D'accord, mais maintenant, prouvez que cela ne nuira pas au moral des employés.''","pertinence"
35,"Biais de résultat","C'est l'erreur d'évaluer la qualité d'une décision en fonction de son résultat plutôt que de la qualité du processus de prise de décision au moment où elle a été prise.","'Un chirurgien effectue parfaitement une opération à haut risque, mais le patient décède d'une complication rare. Juger le chirurgien incompétent est un biais de résultat.'","pertinence"
36,"Pente glissante","Ce sophisme affirme qu'un premier pas relativement petit conduira inévitablement à une chaîne d'événements connexes aboutissant à un effet négatif significatif, sans preuve suffisante de l'inévitabilité.","'Si nous autorisons la ville à interdire les pailles en plastique, la prochaine chose que vous saurez, c'est qu'ils interdiront tous les sacs en plastique, et finalement nous ne pourrons plus rien acheter en plastique !'","pertinence"
37,"Sophisme du tireur d'élite texan","Ce sophisme est commis lorsque les différences dans les données sont ignorées, mais que les similitudes sont soulignées. Il s'agit de sélectionner des groupes de données pour convenir à un argument.","'Une entreprise de sodas souligne que dans les cinq États où ses ventes sont les plus élevées, trois figurent également parmi les dix États les plus sains. Elle en conclut que son soda fait partie d'un mode de vie sain.'","pertinence"
38,"Appel à la probabilité","C'est un sophisme qui consiste à supposer que parce que quelque chose pourrait arriver, cela arrivera inévitablement. Cela confond la possibilité avec la certitude.","'Il y a tellement de voitures sur la route, il est inévitable que j'aie un jour un accident grave, alors autant conduire imprudemment.'","pertinence"
39,"Mauvaise direction (Inversion causale)","Ce sophisme se produit lorsque la cause et l'effet sont inversés. L'argumentateur prétend que X cause Y, alors qu'en fait c'est Y qui cause X.","'En observant que les personnes très malades sont souvent dans les hôpitaux, quelqu'un conclut que les hôpitaux rendent les gens malades. En réalité, les gens vont à l'hôpital parce qu'ils sont déjà malades.'","causal"
40,"La corrélation implique la causalité (Cum Hoc Ergo Propter Hoc)","Ce sophisme est l'erreur de conclure que parce que deux événements se produisent ensemble, l'un doit être la cause de l'autre. Il néglige la possibilité qu'un troisième facteur soit la cause des deux.","'À mesure que les ventes de glaces augmentent, le nombre d'attaques de requins augmente également. Par conséquent, acheter de la glace provoque des attaques de requins.' En réalité, le temps chaud est la cause des deux.","causal"
41,"Post Hoc Ergo Propter Hoc","Littéralement 'après cela, donc à cause de cela', ce sophisme se produit lorsqu'on suppose que parce qu'un événement en a suivi un autre, le premier événement doit avoir causé le second.","'J'ai porté mon maillot porte-bonheur et mon équipe a gagné le match. Par conséquent, mon maillot a fait gagner l'équipe.' La succession temporelle des événements n'est pas suffisante pour établir la causalité.","causal"
42,"Sophisme de régression","Ce sophisme ne tient pas compte des fluctuations naturelles et de la régression à la moyenne. Il attribue un retour à la normale à une action entreprise lorsqu'un résultat était exceptionnel.","'Un patient souffrant de douleurs dorsales extrêmes essaie un nouveau remède et se sent beaucoup mieux une semaine plus tard. Il attribue la guérison au remède, mais il est probable que la douleur extrême ait naturellement régressé vers un état moyen moins douloureux.'","causal"
43,"Sophisme de la troisième cause","Une variante du sophisme 'la corrélation implique la causalité', cette erreur se produit lorsqu'un troisième facteur non reconnu (une variable de confusion) est la cause de deux événements corrélés.","'Le nombre de cigognes dans une région est en corrélation avec le taux de natalité humain. Par conséquent, les cigognes livrent les bébés.' La troisième cause est la taille de la région ; les régions plus grandes ont plus de cigognes et plus de gens.","causal"
44,"Sophisme du joueur","La croyance erronée que si un événement aléatoire particulier se produit plus fréquemment que la normale dans le passé, il est moins susceptible de se produire à l'avenir (ou vice versa).","'À une table de roulette, après dix numéros rouges, un joueur croit qu'un numéro noir est 'dû'. En réalité, la probabilité est la même à chaque tour.'","causal"
45,"Sophisme de la main chaude","L'inverse du sophisme du joueur, c'est la croyance qu'une personne qui a connu le succès avec un événement aléatoire a une plus grande chance de succès supplémentaire.","'Un joueur de basket-ball réussit plusieurs tirs d'affilée, et les fans croient qu'il a une 'main chaude' et qu'il est plus susceptible de réussir son prochain tir. Statistiquement, chaque tir est un événement indépendant.'","causal"
46,"Biais du survivant","Une erreur logique qui consiste à se concentrer sur les personnes ou les choses qui ont 'survécu' à un processus et à négliger par inadvertance celles qui ne l'ont pas fait en raison de leur manque de visibilité.","'Analyser les bombardiers de retour pendant la Seconde Guerre mondiale pour voir où ils ont été touchés, en suggérant d'ajouter un blindage à ces zones. Le sophisme consiste à ne pas blinder les zones qui n'ont *pas* été touchées, car les avions touchés à cet endroit n'ont probablement pas survécu.'","causal"
47,"Pensée magique","La croyance que ses pensées, ses paroles ou ses actions peuvent influencer les événements dans le monde physique d'une manière non étayée par les lois de la physique.","'Un athlète croit que le port d'une paire spécifique de chaussettes 'porte-bonheur' est la raison pour laquelle il a remporté un championnat. Cela attribue un pouvoir causal à un objet sans influence réelle.'","causal"
48,"Sophisme des coûts irrécupérables (Sophisme du Concorde)","Continuer un comportement ou une entreprise en raison des ressources précédemment investies (temps, argent ou effort), que les coûts actuels l'emportent ou non sur les avantages escomptés.","'Nous avons déjà dépensé des millions pour développer ce nouveau produit. Il ne se vend pas bien, mais nous ne pouvons pas nous arrêter maintenant ; nous devons justifier l'investissement initial.'","causal"
49,"Sophisme d'association (Culpabilité par association)","Ce sophisme affirme que les qualités d'une chose sont intrinsèquement les qualités d'une autre, simplement par une association non pertinente.","'Mon adversaire politique a un jour accepté un don de campagne d'une société controversée. Par conséquent, mon adversaire doit approuver les pratiques contraires à l'éthique de cette société.'","causal"
50,"Sophisme écologique","Ce sophisme consiste à faire des inférences sur un individu sur la base de données agrégées pour le groupe auquel cet individu appartient. Les statistiques au niveau du groupe ne s'appliquent pas nécessairement aux individus.","'Une étude montre que le pays X a un score de bonheur national très élevé. Mon amie vient du pays X, elle doit donc être une personne très heureuse.'","causal"
51,"Sophisme étymologique","L'erreur de soutenir que le sens historique ou original d'un mot (son étymologie) est son seul sens correct et actuel, en ignorant l'évolution de la langue.","'Quelqu'un soutient que le mot 'terrible' (awful) devrait être un terme positif car il signifiait à l'origine 'plein de crainte' (full of awe). Cela ignore que son sens a changé au fil des siècles.'","causal"
52,"Sophisme de l'historien","Cela se produit lorsqu'on suppose que les décideurs du passé ont vu les événements de la même perspective et disposaient des mêmes informations que ceux qui ont analysé la décision par la suite.","'Les généraux de la Première Guerre mondiale auraient dû savoir que la guerre des tranchées mènerait à une impasse ; c'était évident.' Cela ignore les théories militaires contemporaines qui ont guidé leurs décisions.","causal"
53,"Sophisme de McNamara","Ce sophisme consiste à prendre une décision uniquement sur la base de mesures et de données quantitatives, tout en ignorant les facteurs qualitatifs et les informations difficiles à mesurer.","'Un district scolaire évalue ses enseignants uniquement sur la base des résultats des tests des élèves. Cela ignore d'autres facteurs cruciaux comme la capacité d'un enseignant à inspirer la créativité.'","causal"
54,"Sophisme du nirvana (Sophisme de la solution parfaite)","L'erreur de rejeter toute solution réaliste parce qu'elle ne résout pas complètement un problème. Il compare une proposition pratique à une alternative 'parfaite' irréaliste et idéalisée.","'Pourquoi devrions-nous mettre en œuvre ce nouveau programme de recyclage ? Il n'éliminera pas tous les déchets, donc ça ne vaut pas la peine.' Cela rejette une étape positive parce que ce n'est pas une solution parfaite.","causal"
55,"Sophisme de la vitre cassée","Un sophisme économique qui soutient qu'un événement destructeur est bon pour l'économie car il stimule les dépenses de réparation. Il ignore les coûts invisibles — l'argent aurait pu être dépensé pour quelque chose de nouveau.","'L'ouragan a été une bénédiction déguisée car il a créé tellement d'emplois dans la construction pour reconstruire la ville.' Cela ne tient pas compte du fait que les ressources auraient pu être utilisées pour de nouveaux progrès.","causal"
56,"Appel à la coïncidence","Ce sophisme se produit lorsqu'un argumentateur rejette des preuves solides d'un lien de causalité en affirmant que la corrélation n'est qu'une simple coïncidence, souvent sans fournir de preuves pour la coïncidence elle-même.","'Ce n'est qu'une coïncidence si, chaque fois que notre PDG vend ses actions, l'entreprise annonce de mauvaises nouvelles une semaine plus tard.' Cela rejette un schéma suspect qui indique probablement un délit d'initié.","causal"
57,"Heuristique de disponibilité (en tant que sophisme)","Un raccourci mental qui s'appuie sur des exemples immédiats qui viennent à l'esprit. Cela devient un sophisme lorsque ces exemples frappants sont utilisés pour juger de la probabilité et construire un argument.","'Après avoir vu plusieurs reportages sur des attaques de requins, une personne soutient que les plages devraient être fermées, en surestimant le risque sur la base d'événements frappants mais statistiquement rares.'","causal"
58,"Biais de confirmation (en tant que sophisme)","La tendance à construire un argument en recherchant, interprétant et se rappelant uniquement les informations qui confirment ses croyances préexistantes, tout en ignorant les preuves contradictoires.","'Une personne qui croit qu'un régime est sain ne cherchera que des témoignages et des articles qui le soutiennent, puis présentera ces informations sélectionnées comme preuve de son efficacité.'","causal"
59,"Sophisme du monde juste","Le biais cognitif selon lequel les actions d'une personne sont enclines à entraîner des conséquences moralement justes. Cela devient un sophisme lorsqu'il est utilisé pour soutenir que les victimes de malheur ont dû le mériter.","'Elle s'est fait voler parce qu'elle exhibait ses bijoux coûteux dans un mauvais quartier ; elle l'a cherché.' Cela blâme la victime pour le crime.","causal"
60,"Sophisme du projecteur","La tendance à supposer que la couverture médiatique d'un groupe est représentative de l'ensemble du groupe. C'est un sophisme de généralisation basé sur les membres les plus visibles.","'En voyant des reportages qui se concentrent exclusivement sur des manifestations violentes, une personne conclut que toutes les personnes qui soutiennent cette cause sont violentes, même si la grande majorité est pacifique.'","causal"
61,"Faux dilemme (Fausse dichotomie)","Ce sophisme présente une situation comme n'ayant que deux alternatives, alors qu'en fait d'autres alternatives existent ou peuvent exister. Il limite artificiellement les choix pour forcer une décision.","'Vous êtes soit avec nous, soit avec les terroristes.' Cela ne présente que deux options, ignorant la possibilité de neutralité ou d'opposition aux deux camps.","conditionnel"
62,"Sophisme du continuum (Sophisme du tas)","Ce sophisme rejette une affirmation parce qu'il n'est pas possible de tracer une ligne précise entre deux états. Il exploite l'ambiguïté des termes vagues.","'On ne peut pas dire avec certitude quand un amas de sable devient un tas. Par conséquent, les tas n'existent pas.' L'incapacité à définir un seuil précis n'annule pas le concept.","conditionnel"
63,"Pétition de principe (Raisonnement circulaire)","Un argument dans lequel la conclusion est supposée dans l'une des prémisses. C'est une forme de raisonnement circulaire qui ne fournit aucune preuve réelle, car il soutient essentiellement qu'une déclaration est vraie parce qu'elle est vraie.","'La Bible est la parole de Dieu parce qu'elle le dit dans la Bible, et Dieu ne mentirait pas.' La prémisse (la Bible est vraie) est aussi la conclusion.","conditionnel"
64,"Généralisation hâtive","Ce sophisme consiste à tirer une conclusion générale sur la base d'un échantillon de petite taille ou non représentatif. La conclusion est un saut qui n'est pas justifié par les preuves.","'J'ai rencontré deux personnes de New York et elles étaient toutes les deux impolies. Par conséquent, tout le monde à New York est impoli.' Cette conclusion est basée sur un échantillon anecdotique de deux personnes.","conditionnel"
65,"Aucun vrai Écossais","Une façon de réinterpréter les preuves afin d'empêcher la réfutation de sa position. Un argumentateur qui utilise ce sophisme modifie son affirmation en réponse à un contre-exemple, en excluant le cas spécifique sans justification.","'Personne A : 'Aucun Écossais ne met de sucre dans son porridge.' Personne B : 'Mais mon oncle Angus est Écossais et il met du sucre dans son porridge.' Personne A : 'Ah, mais aucun *vrai* Écossais ne met de sucre dans son porridge.''","conditionnel"
66,"Équivoque","L'utilisation trompeuse d'un terme ayant plus d'un sens ou d'une acception. Elle se produit souvent dans les syllogismes, où un terme clé change de sens.","'Le panneau indiquait 'Fine for parking here' (Bien pour se garer ici / Amende pour se garer ici), et comme c'était bien, je me suis garé là.' Cela joue sur le mot 'fine', qui peut signifier 'acceptable' ou 'une amende'.","conditionnel"
67,"Amphibologie","Un sophisme d'ambiguïté où l'ambiguïté ne réside pas dans un mot ou une phrase mais dans la structure grammaticale d'une phrase. La phrase peut être interprétée de plusieurs manières.","'L'oracle a dit à Crésus que s'il partait en guerre contre la Perse, il détruirait un puissant empire.' Crésus est parti en guerre et a détruit son propre puissant empire. La déclaration était ambiguë.","conditionnel"
68,"Cueillette de cerises (Preuves supprimées)","L'acte de pointer du doigt des cas individuels ou des données qui semblent confirmer une position particulière, tout en ignorant une partie importante des cas ou des données connexes qui peuvent contredire cette position.","'Un politicien met en évidence une seule ville où sa nouvelle politique économique a été couronnée de succès, tout en omettant délibérément de mentionner les dix autres villes où la même politique a échoué.'","conditionnel"
69,"Plaidoyer spécial","Ce sophisme se produit lorsque quelqu'un applique des normes ou des règles à d'autres personnes, tout en s'exemptant ou en exemptant ses propres circonstances des mêmes règles sans justification adéquate.","'Oui, je crois en la liberté d'expression pour tous, mais les opinions de mon adversaire sont si dangereuses qu'elles ne devraient pas être autorisées sur ce campus.' Cela crée une exception spéciale.","conditionnel"
70,"Fausse équivalence","Un argument ou une comparaison qui décrit une situation dans laquelle il existe une équivalence logique et apparente, alors qu'en fait il n'y en a aucune. Il compare souvent un méfait mineur à une atrocité majeure.","'La personne qui a téléchargé illégalement un film est aussi mauvaise que le PDG qui a détourné des millions. Ce sont tous les deux des voleurs.' Cela assimile faussement deux actions d'échelles très différentes.","conditionnel"
71,"Argument de la modération (Faux compromis)","Le sophisme selon lequel la vérité se trouve toujours au milieu de deux opposés. Bien que le compromis puisse être utile, il ne garantit pas une conclusion logiquement solide.","'Une personne dit que le ciel est bleu, et une autre dit que le ciel est jaune. Par conséquent, la vérité doit être que le ciel est vert.' C'est fallacieux car l'une des positions est factuellement correcte.","conditionnel"
72,"Réification (Hypostase)","Il s'agit d'un sophisme d'ambiguïté, où une abstraction (une croyance abstraite ou une construction hypothétique) est traitée comme s'il s'agissait d'un événement concret et réel ou d'une entité physique.","'La justice exige que nous punissions les coupables.' Ici, on parle de la 'justice' comme d'un agent concret qui peut faire des demandes, alors qu'il s'agit en fait d'un concept abstrait.","conditionnel"
73,"Sophisme du psychologue","Cela se produit lorsqu'un observateur suppose que son interprétation subjective d'un événement est la même que l'expérience subjective de la personne impliquée dans l'événement.","'Un thérapeute, voyant un client sourire en discutant d'un traumatisme, conclut : 'Il doit trouver de la joie dans sa souffrance passée.'' Le thérapeute projette une interprétation standard d'un sourire.","conditionnel"
74,"Argument du silence","Un sophisme où une conclusion est basée sur l'absence de preuves plutôt que sur leur présence. Il suppose que si une source n'a pas mentionné quelque chose, cela ne doit pas s'être produit.","'Hérodote, le grand historien, ne mentionne jamais les pyramides de Gizeh dans ses écrits sur l'Égypte. Par conséquent, elles ne devaient pas être là lorsqu'il les a visitées.'","conditionnel"
75,"Sophisme de la conjonction","L'hypothèse qu'un résultat qui satisfait à plusieurs conditions spécifiques est plus probable qu'un résultat qui satisfait à une seule condition plus générale.","'Lorsqu'on demande ce qui est le plus probable : 'Un homme aura une crise cardiaque' ou 'Un homme de plus de 55 ans, en surpoids et qui fume aura une crise cardiaque', beaucoup de gens choisissent la deuxième option, même si le premier groupe inclut logiquement le second.'","conditionnel"
76,"Sophisme du taux de base (en tant que sophisme)","Ce sophisme consiste à ignorer les informations statistiques de base et à se concentrer plutôt sur des informations spécifiques, souvent anecdotiques, pour construire un argument.","'Si vous voyez un homme calme qui aime la poésie, est-il plus probable qu'il soit professeur de lettres classiques ou chauffeur de camion ? Argumenter en faveur du 'professeur' ignore le nombre beaucoup plus important de chauffeurs de camion (le taux de base).'","conditionnel"
77,"Sophisme du procureur","Un sophisme de raisonnement statistique où la probabilité d'une correspondance aléatoire est supposée être la probabilité que l'accusé soit innocent. Il confond P(Preuve|Innocent) avec P(Innocent|Preuve).","'Il y a une chance sur un million que l'ADN de l'accusé corresponde s'il était innocent. Par conséquent, il y a une chance sur un million qu'il soit innocent.' C'est incorrect.","conditionnel"
78,"Question piège","Une question qui contient une hypothèse controversée ou injustifiée (par exemple, une présomption de culpabilité). Répondre directement à une telle question implique d'être d'accord avec l'hypothèse.","'Avez-vous cessé de tricher à vos examens ?' Cette question présuppose que la personne a triché dans le passé. Une réponse par 'oui' ou par 'non' est un aveu de culpabilité.","conditionnel"
79,"Double contrainte","Un procédé rhétorique où une personne se voit offrir deux choix, mais les deux choix mènent au même résultat indésirable pour elle, la piégeant efficacement.","'Un manager dit à un employé : 'J'ai besoin que vous soyez plus affirmé, mais ne remettez pas en question mon autorité.' L'employé est critiqué, qu'il agisse de manière indépendante ou reste passif.'","conditionnel"
80,"Effet de cadrage (en tant que sophisme)","Le sophisme de manipuler une conclusion en présentant des informations identiques de différentes manières.","'On dit à un groupe qu'une nouvelle procédure a un 'taux de réussite de 90 %', tandis qu'on dit à un autre qu'elle a un 'taux d'échec de 10 %'. Soutenir que l'un est meilleur que l'autre est un sophisme.'","conditionnel"
81,"Sophisme de la motte castrale","Une stratégie rhétorique où un argumentateur confond deux positions : une modeste et facile à défendre ('la motte') et une plus controversée ('la basse-cour'). Lorsqu'il est contesté sur la basse-cour, il se replie sur la motte.","'Quelqu'un plaide pour la 'basse-cour' : 'La société devrait être radicalement restructurée pour éliminer toutes les hiérarchies.' Lorsqu'il est contesté, il se replie sur la 'motte' : 'Tout ce que je dis, c'est que nous devrions être plus gentils les uns avec les autres.''","conditionnel"
82,"Fausse analogie","Ce sophisme consiste à supposer que parce que deux choses se ressemblent sur un ou plusieurs points, elles se ressemblent nécessairement sur un autre point, souvent crucial. L'analogie n'est pas assez forte pour soutenir la conclusion.","'Le gouvernement, comme une entreprise, devrait être géré dans un but lucratif.' C'est une faible analogie car les principales responsabilités d'un gouvernement ne sont pas motivées par le profit.","conditionnel"
83,"Appel à la clôture","L'argument selon lequel une conclusion doit être acceptée parce qu'elle donne un sentiment de finalité ou de clôture à une question complexe ou troublante. Le besoin de clôture est prioritaire sur les preuves.","'Cette affaire de meurtre dure depuis trop longtemps ; nous devons condamner le suspect actuel pour que la famille puisse tourner la page.' Le désir de tourner la page n'est pas une raison valable pour condamner.","conditionnel"
84,"Affirmation circulaire","Une forme de pétition de principe où la prémisse d'un argument n'est qu'une reformulation de la conclusion, souvent avec des mots légèrement différents.","'Notre produit est le meilleur sur le marché car aucun autre produit ne lui est supérieur.' La prémisse ('aucun autre produit ne lui est supérieur') n'est qu'une autre façon de dire la conclusion.","conditionnel"
85,"Sophisme du tiers exclu","Une forme spécifique de faux dilemme où l'on suppose que seules deux positions extrêmes et opposées sont les seules options, tout en ignorant la possibilité de vues modérées.","'Si vous ne soutenez pas ce nouveau projet de loi sur la sécurité avec sa surveillance invasive, vous devez vouloir que les terroristes gagnent.' Cela ne présente que les deux extrêmes, excluant toute position nuancée.","conditionnel"
86,"Affirmation du conséquent","Un sophisme formel qui consiste à déduire l'inverse de la déclaration originale. L'argument a la forme invalide : Si P, alors Q. Q est vrai. Par conséquent, P est vrai.","'S'il pleut, alors la rue est mouillée. La rue est mouillée. Par conséquent, il doit pleuvoir.' C'est fallacieux car la rue pourrait être mouillée par un nettoyeur de rue.","formel"
87,"Négation de l'antécédent","Un sophisme formel qui consiste à déduire l'inverse de la déclaration originale. L'argument a la forme invalide : Si P, alors Q. P n'est pas vrai. Par conséquent, Q n'est pas vrai.","'Si vous avez un permis de conduire, vous avez plus de 16 ans. Vous n'avez pas de permis de conduire. Par conséquent, vous n'avez pas plus de 16 ans.' C'est faux ; un jeune de 25 ans pourrait simplement choisir de ne pas avoir de permis.","formel"
88,"Sophisme du moyen terme non distribué","Un sophisme formel dans un syllogisme catégorique où le moyen terme (celui qui relie les deux prémisses) n'est pas distribué, ce qui signifie qu'il ne se réfère pas à tous les membres de sa catégorie.","'Tous les chiens sont des mammifères. Tous les chats sont des mammifères. Par conséquent, tous les chiens sont des chats.' Ici, 'mammifères' est le moyen terme non distribué.","formel"
89,"Argument du sophisme (Sophisme du sophiste)","Le sophisme formel qui consiste à analyser un argument et à en déduire que, puisqu'il contient un sophisme, sa conclusion doit être fausse. Un argument fallacieux peut, par coïncidence, aboutir à une conclusion vraie.","'Personne A : 'Tous les chats sont des animaux. Ginger est un animal. Par conséquent, Ginger est un chat.' Personne B : 'Vous avez commis un sophisme. Par conséquent, Ginger n'est pas un chat.' La conclusion pourrait quand même être vraie.'","formel"
90,"Sophisme existentiel","Un sophisme formel où une conclusion qui affirme l'existence est tirée de prémisses qui n'affirment pas l'existence.","'Toutes les licornes ont des cornes. Toutes les licornes sont magiques. Par conséquent, certaines créatures magiques ont des cornes.' L'argument est valide dans sa forme, mais fallacieux car il conclut que quelque chose existe à partir de prémisses sur une classe inexistante.","formel"
91,"Sophisme modal","Un sophisme en logique modale où une déclaration de possibilité ou de nécessité est confuse. Une forme courante consiste à confondre 'Il n'est pas nécessairement vrai que P' avec 'Il est nécessairement vrai que non-P'.","'Le président aura nécessairement plus de 35 ans. Jean a plus de 35 ans. Par conséquent, Jean est nécessairement le président.' Cela confond une propriété nécessaire du président avec le fait de faire de la présidence de Jean une nécessité.","formel"
92,"Logique de la bouilloire","Utiliser plusieurs arguments incohérents pour défendre un seul point. Le nom vient d'une histoire où un homme défend le retour d'une bouilloire endommagée en arguant : (1) il ne l'a jamais empruntée, (2) elle était déjà endommagée, et (3) elle était en parfait état quand il l'a rendue.","'Un étudiant accusé de tricherie argumente : 'Je n'ai pas triché. D'ailleurs, je n'ai regardé la copie de mon voisin que pour une seule question. Et de toute façon, tout le monde trichait aussi.''","formel"
93,"Non sequitur","En latin 'cela ne suit pas', c'est un terme général pour une conclusion qui ne découle pas logiquement des prémisses. Le lien entre la prémisse et la conclusion est manquant ou absurde.","'Mon adversaire aime la musique classique, tout comme les empereurs romains. Il serait donc un chef tyrannique.' Il n'y a aucun lien logique entre le goût musical et le style de leadership.","formel"
94,"Affirmation d'une disjonction","Un sophisme formel avec la structure : P ou Q. P est vrai. Par conséquent, Q n'est pas vrai. Ce n'est un sophisme que lorsque le 'ou' est inclusif (ce qui signifie que P et Q pourraient être vrais).","'Le menu indique que ce repas est accompagné d'une soupe ou d'une salade. Je prends la soupe. Par conséquent, je ne prends pas la salade.' (De nombreux restaurants vous permettent d'avoir les deux).","formel"
95,"Négation d'une conjonction","Un sophisme formel avec la structure : Il n'est pas vrai que (P et Q). Non P. Par conséquent, Q. L'erreur est de supposer que l'un des conjoints doit être vrai si la conjonction est fausse.","'Un accusé ne peut être coupable à la fois de meurtre et d'homicide involontaire. L'accusé n'est pas coupable de meurtre. Par conséquent, il doit être coupable d'homicide involontaire.' (L'accusé pourrait être innocent des deux).","formel"
96,"Sophisme des prémisses exclusives","Un sophisme formel dans un syllogisme catégorique où les deux prémisses sont négatives (par exemple, 'aucun X n'est Y' et 'aucun Z n'est X'). Aucune conclusion valide ne peut être tirée de deux prémisses négatives.","'Aucun poisson n'est un mammifère. Certains chiens ne sont pas des poissons. Par conséquent, certains chiens ne sont pas des mammifères.' (La conclusion est fausse, et la structure de l'argument est invalide).","formel"
97,"Sophisme des quatre termes","Un sophisme formel qui se produit lorsqu'un syllogisme a quatre termes ou plus au lieu des trois requis. Cela se produit souvent par équivoque.","'Toutes les rivières ont des berges (banks). Toutes les banques (banks) ont de l'argent. Par conséquent, toutes les rivières ont de l'argent.' (Le mot 'bank' est utilisé avec deux significations différentes).","formel"
98,"Majeur illicite","Un sophisme formel où le terme majeur (le prédicat de la conclusion) est distribué dans la conclusion mais pas dans la prémisse majeure.","'Tous les chats sont des mammifères. Aucun chien n'est un chat. Par conséquent, aucun chien n'est un mammifère.' ('mammifères' est distribué dans la conclusion mais pas dans la prémisse).","formel"
99,"Mineur illicite","Un sophisme formel où le terme mineur (le sujet de la conclusion) est distribué dans la conclusion mais pas dans la prémisse mineure.","'Tous les militants sont des gens passionnés. Tous les militants sont des citoyens. Par conséquent, tous les citoyens sont des gens passionnés.' ('citoyens' est distribué dans la conclusion mais pas dans la prémisse).","formel"
100,"Sophisme de l'homme masqué (Sophisme intentionnel)","Ce sophisme formel implique une substitution invalide d'identiques dans une déclaration sur la croyance ou la connaissance. La connaissance d'une personne sur un objet n'est pas une propriété de l'objet lui-même.","'Prémisse 1 : Je sais qui est Bruce Wayne. Prémisse 2 : Je ne sais pas qui est Batman. Conclusion : Par conséquent, Bruce Wayne n'est pas Batman.' (L'argument échoue car 'savoir' concerne mon état mental).","formel"
101,"Sophisme du décalage de quantificateur","Un sophisme formel où les quantificateurs dans un argument (tels que 'tous', 'certains' ou 'aucun') sont échangés de manière invalide.","'Pour chaque personne, il existe un rêve qui lui est cher. Par conséquent, il existe un rêve que chaque personne chérit.' Cela passe à tort de chaque personne ayant son propre rêve à toutes les personnes partageant un seul rêve.","formel"
102,"Sophisme du concept volé","L'acte d'utiliser un concept tout en ignorant, contredisant ou niant la validité des concepts plus fondamentaux dont il dépend logiquement.","'Une personne argumente : 'Je suis certain que rien ne peut être certain.' Pour être certain de cette affirmation, elle doit s'appuyer sur le concept même de certitude qu'elle nie simultanément.'","formel"
103,"Sophisme définitionnel","Ce sophisme consiste à définir un terme d'une manière biaisée ou chargée pour favoriser sa propre position dans un argument, rendant ainsi sa conclusion vraie par définition.","'Dans un débat sur la liberté, quelqu'un argumente : 'La vraie liberté n'est pas de faire ce que l'on veut, mais de faire ce qui est moralement juste.' Il soutient ensuite que sa position est moralement juste, ce qui en fait un acte de 'vraie liberté' selon sa propre définition.'","formel"
104,"Vérité vacue","Une déclaration qui est techniquement vraie mais ne transmet aucune information utile parce que la prémisse (la partie 'si') est vide ou ne s'applique à rien. Elle n'est vraie que parce que la condition n'est jamais remplie.","'La déclaration 'Toutes mes voitures en or massif sont actuellement garées dans mon garage' est vacuement vraie parce que l'orateur ne possède aucune voiture en or massif.'","formel"
105,"Appel à l'accomplissement","Ce sophisme se produit lorsqu'un argumentateur fonde la validité supposée de son argument sur ses propres réalisations ou celles des autres, qui ne sont pas pertinentes pour la substance de l'argument.","'J'ai bâti une entreprise d'un milliard de dollars à partir de rien, vous devriez donc écouter mes conseils en politique étrangère.' Le succès commercial de l'orateur ne lui confère pas une expertise en relations internationales.","pertinence"
106,"Argument de la répétition (Ad Nauseam)","Ce sophisme consiste à répéter une affirmation encore et encore à la place de meilleures preuves. La répétition peut rendre l'affirmation plus crédible, quelle que soit sa véracité.","'Une campagne politique diffuse à plusieurs reprises une publicité avec un slogan simple qui attaque un adversaire. Après l'avoir entendue des dizaines de fois, les électeurs peuvent commencer à y croire sans avoir vu de preuves.'","pertinence"
107,"Fausse attribution","Ce sophisme consiste à citer une source peu fiable, biaisée, non pertinente ou même fabriquée pour étayer un argument. Le but est de donner l'apparence d'autorité ou de preuve là où il n'y en a pas.","'Selon une étude de l'Institut de recherche sur les boissons, boire trois sodas par jour est sain.' L''Institut' peut être un groupe de façade financé par des entreprises de sodas.","pertinence"
108,"Cliché qui met fin à la pensée","Une phrase ou une sagesse populaire couramment utilisée pour mettre fin à un débat ou rejeter une question complexe, empêchant ainsi toute réflexion critique supplémentaire. Elle fournit une réponse simple mais évite un véritable engagement.","'Lorsqu'on discute des complexités d'un problème social, quelqu'un met fin à la conversation en disant : 'C'est comme ça.'' Ce cliché met fin à toute analyse plus approfondie.'","pertinence"
109,"Appel à la complexité","Ce sophisme affirme qu'une conclusion est fausse parce que l'argument qui la soutient est trop complexe pour que le public (ou l'argumentateur) le comprenne. Il confond l'incompréhension avec l'invalidité.","'L'article scientifique expliquant le changement climatique est plein de modèles complexes que je ne peux pas suivre, donc je ne pense pas que les conclusions soient dignes de confiance.'","pertinence"
110,"Effet Dunning-Kruger (en tant que sophisme)","Un biais cognitif où les personnes peu compétentes dans une tâche surestiment leur capacité. Cela devient un sophisme lorsqu'elles avancent avec confiance des arguments dans un domaine où elles manquent de connaissances.","'Une personne qui n'a lu que quelques articles en ligne sur les vaccins argumente avec confiance contre un épidémiologiste, croyant que sa propre compréhension est supérieure.'","pertinence"
111,"Réactance (en tant que sophisme)","L'envie de faire le contraire de ce que quelqu'un veut que vous fassiez. Cela devient un sophisme lorsque cela constitue la seule base pour rejeter un argument, plutôt qu'une évaluation rationnelle de ses mérites.","'Un adolescent décide de commencer à fumer spécifiquement parce que ses parents et tous les avertissements sanitaires le lui interdisent. La décision est une réaction au contrôle perçu, et non une évaluation rationnelle.'","pertinence"
112,"Deux torts ne font pas un droit","Ce sophisme se produit lorsqu'une personne tente de justifier une action contre une autre personne en affirmant que l'autre personne a fait ou ferait la même chose.","'Oui, j'ai rayé sa voiture, mais il m'a trompée en premier !' Le méfait initial ne justifie ni moralement ni légalement l'acte de vandalisme en représailles.","pertinence"
113,"Appel à la loi","Soutenir que quelque chose est moralement juste parce que c'est légal, ou moralement mauvais parce que c'est illégal. Ce sophisme assimile les normes juridiques aux normes éthiques, qui ne sont pas toujours les mêmes.","'Il n'y a rien de mal dans la façon dont notre entreprise traite ses travailleurs à l'étranger, car nous respectons toutes les lois du travail locales.' La légalité des actions ne les rend pas automatiquement éthiques.","pertinence"
114,"Snobisme chronologique","L'argument selon lequel la pensée, l'art ou la science d'une époque antérieure sont intrinsèquement inférieurs à ceux du présent, simplement en vertu de leur succession temporelle.","'Pourquoi liriez-vous la philosophie antique ? La science moderne a déjà réfuté toute cette pensée démodée.' Cela rejette des domaines de pensée entiers en fonction de leur âge.","pertinence"
115,"Réponse du courtisan","Un sophisme où une affirmation est rejetée en affirmant que le critique manque de connaissances ou de références suffisantes pour faire l'affirmation, sans aborder la substance de la critique elle-même.","'Après qu'un étranger a souligné une contradiction dans une théorie économique, un économiste répond : 'Vous ne pouvez pas comprendre ; vous n'avez pas étudié l'économétrie avancée.''","pertinence"
116,"Damner avec de faibles éloges","Attaquer une personne ou une idée en offrant formellement des éloges, mais pour une qualité si mineure ou triviale qu'elle suggère que la personne ou l'idée n'a pas de qualités de valeur majeure.","'Lorsqu'on lui demande une lettre de recommandation, un manager écrit : 'Je peux attester qu'il était toujours ponctuel au travail.' L'éloge est si faible qu'il implique qu'il n'y a rien d'autre de positif à dire.'","pertinence"
117,"Gambit de Galilée","L'argument selon lequel, parce que ses idées non conventionnelles sont ridiculisées ou rejetées par le courant dominant, elles doivent être correctes, par analogie avec des personnages historiques comme Galilée.","'Ils ont tous ri de ma théorie selon laquelle la terre est creuse, mais ils ont aussi ri de Galilée ! Ma théorie doit être vraie.' Le fait que certaines idées correctes aient été autrefois ridiculisées ne signifie pas que toutes les idées ridiculisées sont correctes.","pertinence"
118,"Gish Gallop","Une technique rhétorique dans laquelle une personne dans un débat tente de submerger son adversaire en fournissant un nombre excessif d'arguments, sans se soucier de leur exactitude ou de leur pertinence.","'Dans un débat, une personne débite des dizaines de statistiques trompeuses et de demi-vérités dans un discours de deux minutes. Son adversaire est incapable de répondre à ce flot de désinformation.'","pertinence"
119,"J'ai le droit d'avoir mon opinion","Une déclaration utilisée pour clore un débat ou protéger une croyance de l'examen. Bien que les gens aient droit à leurs opinions, cette phrase est utilisée de manière fallacieuse pour impliquer que toutes les opinions sont également valides.","'Après que leurs affirmations sur l'astrologie ont été démystifiées avec des preuves, une personne conclut par : 'Eh bien, c'est votre point de vue. J'ai le droit d'avoir mon opinion.''","pertinence"
120,"Empoisonner le puits","Un type d'argument ad hominem où des informations défavorables sur une cible sont présentées de manière préventive à un public, dans l'intention de discréditer ou de ridiculiser tout ce que la personne cible est sur le point de dire.","'Avant un débat, un modérateur dit : 'Notre prochain orateur est un criminel condamné et un menteur connu. Veuillez écouter ce qu'il a à dire.' Le public est maintenant préparé à se méfier de l'orateur.'","pertinence"
121,"Reductio ad Hitlerum","La tentative d'invalider la position de quelqu'un au motif que la même opinion était partagée par Adolf Hitler ou le parti nazi. C'est une forme très incendiaire du sophisme d'association.","'Vous plaidez pour le végétarisme ? Vous savez, Hitler était aussi végétarien !' Cela tente de souiller la position en l'associant à un personnage historique honni.","pertinence"
122,"Sophisme du style sur la substance","Ce sophisme se produit lorsque la manière de présenter d'un argumentateur (par exemple, son charisme ou sa confiance) est jugée plus importante que le contenu, la logique ou les preuves de son argument.","'Le discours du candidat était si puissant et inspirant ; il doit avoir raison sur l'économie.' L'auditeur est persuadé par la livraison éloquente plutôt que par une analyse critique du plan.","pertinence"
123,"Police du ton","Un sophisme qui se concentre sur l'émotion ou le ton d'un message plutôt que sur la substance du message, dans le but de rejeter l'argument ou de faire dérailler la discussion.","'Après qu'une personne a argumenté avec passion contre une injustice sociale, un auditeur répond : 'Je ne peux pas prendre votre argument au sérieux quand vous êtes si en colère. Vous devez vous calmer.''","pertinence"
124,"Ignorance volontaire","La tendance à éviter ou à ignorer les informations qui pourraient être désagréables ou contredire ses croyances existantes. C'est un choix délibéré de rester non informé pour protéger un point de vue chéri.","'Une personne refuse de lire les rapports scientifiques sur les risques pour la santé de son aliment préféré, en disant : 'Je ne veux pas savoir, je veux juste en profiter.''","pertinence"
125,"Appel aux conséquences","Soutenir qu'une proposition doit être vraie ou fausse parce que les conséquences de sa véracité ou de sa fausseté sont souhaitables ou indésirables. Les conséquences d'une croyance n'ont aucune incidence sur sa véracité.","'Un univers créé par un Dieu aimant est une pensée beaucoup plus réconfortante qu'un univers né du hasard. Par conséquent, Dieu doit exister.'","pertinence"
126,"Appel au bon sens","Affirmer qu'une conclusion est vraie parce qu'elle relève du 'bon sens'. C'est fallacieux car de nombreuses choses autrefois considérées comme du bon sens (par exemple, la Terre est plate) se sont avérées fausses.","'Il est de bon sens que si vous épargnez la verge, vous gâtez l'enfant.' Cela évite de fournir des preuves réelles de l'efficacité des châtiments corporels.","pertinence"
127,"Bulvérisme","Inventé par C.S. Lewis, ce sophisme consiste à supposer que l'argument d'un adversaire est invalide en raison de son motif psychologique ou de son identité, puis à expliquer ce motif sans jamais réfuter l'argument lui-même.","'Vous ne croyez en ce principe moral que parce que vous avez été élevé dans un foyer religieux. Je peux vous expliquer pourquoi votre éducation vous a conduit à ce point de vue...' Cela rejette le principe en expliquant son origine supposée.","pertinence"
128,"Sophisme de la privation relative (Pas aussi grave que)","Rejeter un argument ou une plainte en raison de l'existence de problèmes plus importants dans le monde, que ces problèmes soient pertinents ou non pour la discussion en cours.","'Personne A : 'Je suis contrarié que mon vol ait été retardé.' Personne B : 'Vous ne devriez pas vous plaindre, il y a des gens qui meurent de faim dans le monde.' L'existence de personnes affamées n'invalide pas la frustration.'","pertinence"
129,"Preuve par affirmation","Un sophisme logique dans lequel une proposition est répétée sans tenir compte de la contradiction. Il peut parfois être utilisé comme une tactique rhétorique pour renforcer un point par la simple répétition.","'Dans une discussion, une personne ne cesse de dire : 'C'est le meilleur plan. C'est tout simplement le meilleur plan. Aucun autre plan n'est meilleur.' Elle ne fournit aucune preuve, juste des affirmations répétées.'","pertinence"
130,"Appel à l'inconvénient","L'affirmation qu'un argument doit être faux parce que l'accepter serait difficile, incommode ou nécessiterait un effort important. La commodité d'une croyance ne détermine pas sa vérité.","'Croire au changement climatique signifierait que je dois changer mon mode de vie. C'est trop de problèmes, donc je ne pense pas que ce soit réel.'","pertinence"
131,"Argument par le charabia (Déconcertement)","Un sophisme qui consiste à utiliser un langage trop complexe, obscur ou à consonance technique (jargon) pour donner l'impression d'intelligence et pour intimider ou embrouiller un adversaire afin qu'il accepte une conclusion.","'En utilisant des paradigmes synergiques pour tirer parti de nos compétences de base, nous pouvons effectuer un changement de paradigme dans notre matrice opérationnelle.' La déclaration est principalement du jargon vide de sens.","pertinence"
132,"Sophisme de la supériorité morale","Ce sophisme se produit lorsque quelqu'un suppose qu'il a raison dans son argument simplement parce qu'il croit occuper une position moralement supérieure. Il utilise la vertu auto-perçue comme substitut à la preuve.","'Je suis une personne compatissante et attentionnée, contrairement à mon adversaire. Par conséquent, ma proposition de réforme des soins de santé est meilleure.' Le caractère moral autoproclamé de l'orateur n'est pas pertinent.","pertinence"
133,"Preuve par la verbosité (Argumentum Verbosium)","Le sophisme qui consiste à submerger un adversaire avec un volume massif d'informations, à tel point qu'il ne peut pas y répondre. Il est lié au Gish Gallop.","'En réponse à une simple question, une personne soumet un document de 500 pages plein de graphiques et de données, puis prétend que sa position est prouvée parce que l'adversaire ne peut pas tout réfuter.'","pertinence"
134,"Appel à l'intérêt personnel","Ce sophisme tente de persuader un public d'accepter une conclusion en faisant appel à ses intérêts personnels, ses désirs ou ses avantages, plutôt qu'en fournissant des preuves logiques pour la conclusion elle-même.","'Vous devriez voter pour cette réduction d'impôts car elle mettra plus d'argent directement dans votre poche.' Cela ne répond pas à la question de savoir si la réduction d'impôts est bénéfique pour l'économie dans son ensemble.","pertinence"
135,"Appel à la force (Argumentum ad Baculum)","Ce sophisme se produit lorsqu'un argumentateur tente de persuader non pas par le raisonnement, mais en menaçant ou en intimidant l'autre personne. C'est une menace, explicite ou subtile, au lieu d'un argument.","'Si vous n'êtes pas d'accord avec mes opinions politiques, vous perdrez votre emploi dans cette entreprise.' La menace d'être licencié remplace tout argument logique.","pertinence"
136,"Appel au motif","Un sophisme où un argument est rejeté en remettant en question le motif de la personne qui le formule, plutôt qu'en abordant la substance de l'argument lui-même. C'est un type spécifique d'argument ad hominem.","'Ce scientifique plaide pour des réglementations environnementales plus strictes. Il cherche probablement juste plus de subventions gouvernementales pour ses recherches.' Cela attaque le motif présumé du scientifique.","pertinence"
137,"Sophisme de l'homoncule","Un argument qui tente d'expliquer un phénomène en termes du phénomène même qu'il est censé expliquer, créant une régression à l'infini.","'Pour expliquer comment une personne peut voir, on pourrait prétendre qu'il y a une minuscule personne (un homoncule) à l'intérieur du cerveau qui regarde un écran. Cela n'explique pas la vision ; cela ne fait que déplacer le problème.'","causal"
138,"If-by-Whiskey","Une tactique rhétorique où un orateur semble soutenir les deux côtés d'une question en utilisant un langage chargé d'émotion qui plaira à différents publics. La position réelle de l'orateur reste ambiguë.","'Un politicien à propos d'une nouvelle taxe controversée : 'Si par 'taxe' vous entendez prendre de l'argent aux familles pour financer des programmes inutiles, je suis contre. Mais si par 'taxe' vous entendez un investissement pour construire de meilleures écoles, alors je suis pour.''","causal"
139,"Surdétermination","Cela se produit lorsqu'un événement a plusieurs causes suffisantes, ce qui signifie que n'importe laquelle d'entre elles aurait suffi à produire l'effet. Le sophisme consiste à désigner une seule cause comme *la* cause.","'Un homme est abattu, poignardé et empoisonné simultanément, ce qui aurait été fatal. Prétendre qu'il est mort *à cause* du coup de feu est une simplification excessive.'","causal"
140,"Dépendance au sentier","L'idée que les décisions et les événements passés créent un 'sentier' qui contraint les choix futurs, même si d'autres options pourraient être plus efficaces. Le sentier historique, et non l'optimalité actuelle, dicte le résultat.","'La disposition du clavier QWERTY a été conçue pour ralentir les dactylos sur les anciennes machines à écrire. Bien qu'inefficace pour les ordinateurs modernes, elle persiste en raison des coûts massifs de reconversion.'","causal"
141,"Sophisme de la cause immédiate vs la cause profonde","Ce sophisme confond la cause immédiate, ou proche, d'un événement avec sa cause fondamentale, ou profonde. S'attaquer uniquement à la cause immédiate ne parvient souvent pas à empêcher le problème de se reproduire.","'La cause immédiate de l'incendie de la maison était un fil défectueux. La cause profonde était le manquement de la ville à faire respecter les codes du bâtiment, ce qui a permis l'installation d'un tel câblage défectueux.'","causal"
142,"Sophisme téléologique","C'est l'hypothèse que les phénomènes naturels ont un but, un objectif ou un dessein, et qu'ils agissent pour atteindre ce but. Il attribue une intention à des processus mécanistes et sans esprit.","'Le but de la pluie est d'arroser les plantes et de remplir les rivières.' Cela assigne un but à un processus météorologique qui est en fait régi par la physique, et non par un besoin d'aider les plantes.","causal"
143,"Erreur de planification (en tant que sophisme)","Un biais cognitif où l'on sous-estime le temps et les coûts des actions futures. Cela devient un sophisme lorsqu'il est utilisé pour plaider en faveur d'un plan irréaliste.","''Cette rénovation de maison ne prendra que deux semaines et coûtera exactement ce que j'ai budgétisé.' C'est souvent une prédiction fallacieuse, ignorant la forte probabilité de retards imprévus.'","causal"
144,"Stéréotypage (en tant que sophisme)","Un sophisme de généralisation où une croyance sur un groupe particulier de personnes est appliquée à chaque membre individuel de ce groupe, sans tenir compte des variations individuelles.","'C'est un programmeur informatique, il doit donc être socialement maladroit et introverti.' Cela applique un stéréotype courant à un individu sans aucune connaissance de sa personnalité réelle.","causal"
145,"Sophisme du subjonctif","Ce sophisme consiste à faire des affirmations sur ce qui se *serait* passé si une autre ligne de conduite avait été adoptée (un contrefactuel). De telles affirmations sont spéculatives et ne peuvent être prouvées.","''Si seulement j'avais étudié une heure de plus, j'aurais réussi l'examen.' Bien que plausible, c'est impossible à prouver ; peut-être que l'examen était tout simplement trop difficile.'","causal"
146,"Sophisme du 'package deal'","L'erreur de supposer que les choses qui sont traditionnellement regroupées doivent toujours l'être.","''Mon adversaire est pro-choix et contre les réductions d'impôts, il doit donc aussi soutenir le contrôle des armes à feu.' Cela suppose un 'package' standard de croyances politiques.'","conditionnel"
147,"Sophisme de la simple affirmation","Ce sophisme se produit lorsqu'une conclusion est offerte sans aucune preuve ou raisonnement à l'appui. L'argumentateur s'attend à ce que l'affirmation soit acceptée simplement parce qu'il l'a énoncée.","'Au cours d'un débat, un participant déclare : 'C'est comme ça', et ne fournit aucune autre justification à sa position.'","conditionnel"
148,"Argument de la paresse","Le sophisme de supposer qu'une conclusion est correcte parce que l'argumentateur n'est pas disposé à faire l'effort de rechercher ou de comprendre les contre-arguments.","''Je ne vais pas lire ce long rapport sur le changement climatique. C'est probablement tout faux de toute façon.''","pertinence"
149,"Argument pour l'avenir","Le sophisme de soutenir que les preuves d'une affirmation seront révélées à un moment donné dans le futur.","''Je n'ai pas de preuve pour ma théorie maintenant, mais la science finira par me donner raison.''","conditionnel"
150,"Snobisme chronologique","L'argument selon lequel la pensée, l'art ou la science d'une époque antérieure sont intrinsèquement inférieurs à ceux du présent, simplement en vertu de leur succession temporelle.","''Pourquoi liriez-vous la philosophie antique ? La science moderne a déjà réfuté toute cette pensée démodée.''","pertinence"
151,"Sophisme du design","L'hypothèse que parce que quelque chose est bien conçu ou esthétiquement agréable, il doit être bon ou efficace.","''Cette nouvelle application a une belle interface utilisateur, elle doit donc être la meilleure pour la productivité.''","pertinence"
152,"Sophisme du conséquent","Un terme général pour tout sophisme qui implique une erreur de raisonnement à partir du conséquent (la partie 'alors') d'une déclaration conditionnelle. Comprend l'affirmation du conséquent.","''Si l'alarme sonne, il y a un incendie. Il y a un incendie. Par conséquent, l'alarme sonne.' (L'incendie pourrait être silencieux).'","formel"
153,"Sophisme de l'antécédent","Un terme général pour tout sophisme qui implique une erreur de raisonnement à partir de l'antécédent (la partie 'si') d'une déclaration conditionnelle. Comprend la négation de l'antécédent.","''Si j'ai la grippe, j'ai mal à la gorge. Je n'ai pas la grippe. Par conséquent, je n'ai pas mal à la gorge.' (Un rhume pourrait aussi causer un mal de gorge).'","formel"
154,"Sophisme du gris","L'hypothèse que parce qu'il n'y a pas de ligne claire entre deux extrêmes, il n'y a aucune différence entre eux.","''On ne peut pas dire exactement quand une personne devient 'vieille'. Par conséquent, il n'y a pas de différence entre avoir 20 et 80 ans.''","conditionnel"
155,"Sophisme de l'historien","Supposer que les décideurs du passé ont vu les événements de la même perspective et disposaient des mêmes informations que ceux qui ont analysé la décision par la suite.","''Les généraux de la Première Guerre mondiale auraient dû savoir que la guerre des tranchées mènerait à une impasse ; c'était évident.' Cela ignore les théories militaires contemporaines qui ont guidé leurs décisions.'","pertinence"
156,"Comparaison incomplète","Un sophisme où une comparaison est faite, mais la base de la comparaison n'est pas spécifiée, laissant la déclaration vague et dénuée de sens.","''Notre nouveau dentifrice est 20 % meilleur !' Meilleur que quoi ? L'ancienne formule ? Un concurrent ? Rien ?'","conditionnel"
157,"Comparaison incohérente","Un sophisme où différents critères sont utilisés pour la comparaison dans différentes parties d'un argument.","''Le produit A est moins cher que le produit B, et le produit C a plus de fonctionnalités que le produit A. Par conséquent, le produit C est le meilleur rapport qualité-prix.' Les critères (prix, fonctionnalités) ne sont pas appliqués de manière cohérente.'","conditionnel"
158,"Sauter aux conclusions","Un terme général pour tout argument où la conclusion est atteinte sans preuves suffisantes. La généralisation hâtive en est un type spécifique.","''Je l'ai vu regarder sa montre deux fois pendant la réunion. Il doit s'ennuyer et vouloir partir.''","conditionnel"
159,"Pari de Loki","L'insistance déraisonnable sur le fait qu'un concept ne peut être défini, et ne peut donc pas être discuté.","''Vous ne pouvez pas définir la 'justice', donc vous ne pouvez pas dire que mes actions étaient injustes.''","pertinence"
160,"Sophisme de la projection mentale","Le sophisme de supposer que la façon dont on voit le monde reflète la façon dont le monde est réellement.","''Je ne peux pas imaginer comment une particule quantique peut être à deux endroits à la fois, donc ça doit être impossible.''","pertinence"
161,"Sophisme moralisateur","L'hypothèse que parce que quelque chose est moralement mauvais, cela ne peut pas être une partie naturelle du comportement humain.","''La guerre est moralement répréhensible, par conséquent les humains ne peuvent pas avoir de tendances agressives innées.''","pertinence"
162,"Déplacement des poteaux de but","Exiger d'un adversaire qu'il aborde de plus en plus de points après que le contre-argument initial a été satisfait, en refusant de concéder ou d'accepter l'argument de l'adversaire.","''D'abord, vous avez dit que j'avais besoin d'un diplôme. Maintenant que j'en ai un, vous dites que j'ai besoin de cinq ans d'expérience. Si j'obtiens cela, vous direz que j'ai besoin d'une promotion.''","pertinence"
163,"Exception écrasante","Une généralisation qui est techniquement exacte, mais qui a tellement d'exceptions qu'elle est pratiquement dénuée de sens.","''Notre politique est d'être toujours à l'heure... sauf le lundi, ou s'il y a du trafic, ou si je suis fatigué, ou s'il pleut.''","conditionnel"
164,"Faire la fine bouche","Rejeter un argument comme étant indigne de considération, sans fournir de preuves ou de raisonnement.","''Votre proposition de changer la stratégie de notre entreprise est tout simplement stupide. Nous n'allons même pas en discuter.''","pertinence"
165,"Prouver trop","Un argument qui, s'il était poussé à sa conclusion logique, prouverait quelque chose que l'argumentateur ne voudrait pas accepter.","''Toutes les formes de vie sont sacrées et ne devraient jamais être blessées. Par conséquent, vous ne devriez pas utiliser d'antibiotiques pour tuer les bactéries.''","conditionnel"
166,"Réduction à l'absurde (sous forme fallacieuse)","Un sophisme qui tente de réfuter une affirmation en l'étendant à une conclusion ridicule ou absurde, où l'extension n'est pas logiquement justifiée.","''Si nous autorisons le mariage homosexuel, alors bientôt les gens voudront épouser leurs animaux de compagnie !''","conditionnel"
167,"Déterminisme rétrospectif","Le sophisme selon lequel, parce qu'un événement s'est produit, il était inévitable et devait se produire.","''Bien sûr que l'Empire romain est tombé. Avec sa corruption interne et ses pressions externes, c'était inévitable.' Cela ignore qu'à l'époque, d'autres résultats étaient possibles.'","pertinence"
168,"Argumentation à la chevrotine","La tactique de présenter un grand nombre d'arguments, en espérant que certains d'entre eux resteront, sans se soucier de leur qualité ou de leur exactitude. Similaire au Gish Gallop.","'Dans un débat sur une nouvelle politique, un politicien énumère cinquante raisons différentes pour lesquelles elle est mauvaise, sans en développer aucune, ce qui rend impossible de les réfuter toutes.'","pertinence"
169,"Pente glissante","Soutenir qu'un seul petit pas conduira inévitablement à une chaîne d'événements connexes aboutissant à un effet significatif (généralement négatif), sans preuves suffisantes.","''Si nous légalisons la marijuana, alors tout le monde commencera à consommer des drogues plus dures, et les taux de criminalité monteront en flèche.''","conditionnel"
170,"Plaidoyer spécial","Appliquer des normes, des principes ou des règles à d'autres personnes ou circonstances, tout en s'exemptant ou en exemptant ses propres circonstances des mêmes règles sans fournir de justification adéquate.","''Oui, je crois en la liberté d'expression pour tous, mais les opinions de mon adversaire sont si dangereuses qu'elles ne devraient pas être autorisées sur ce campus.''","conditionnel"
171,"Sophisme spirituel","Le sophisme d'utiliser des croyances spirituelles ou religieuses pour justifier une conclusion dans un argument laïc ou logique.","''Mon entreprise réussira parce que Dieu est de mon côté.''","pertinence"
172,"Corrélatif supprimé","Le sophisme de tenter de redéfinir un corrélatif (l'une des deux options mutuellement exclusives) de sorte qu'une alternative n'est plus possible.","''Je ne suis ni 'bon' ni 'mauvais'. Je suis juste moi.' Cela tente de supprimer le concept de jugement moral.'","conditionnel"
173,"Tokenisme","Interpréter un petit geste symbolique comme un substitut adéquat à une action plus significative.","''Nous ne pouvons pas être une entreprise sexiste. Nous avons embauché une femme l'année dernière.''","pertinence"
174,"Deux torts ne font pas un droit","Justifier une mauvaise action en pointant du doigt une autre mauvaise action.","''Il a peut-être menti au Congrès, mais son prédécesseur a fait la même chose.''","pertinence"
175,"Infalsifiabilité (Intestabilité)","Une affirmation qui ne peut être prouvée fausse, car il n'y a aucun moyen de la tester.","''Il y a un dragon invisible et indétectable dans mon garage. Vous ne pouvez pas prouver qu'il n'est pas là !''","conditionnel"
176,"Victoire par définition","Un sophisme dans lequel un argumentateur redéfinit un terme d'une manière qui fait réussir son argument par définition, mais pas d'une manière qui soit pertinente pour le point initial.","''Je ne suis pas un 'menteur'. Un 'menteur' est quelqu'un qui dit des contrevérités pour blesser les gens, et j'essayais juste de ménager vos sentiments.''","formel"
