id,name,definition,beispiel,kategorie
1,"Experten-Status-Argument","Der Trugschluss, eine Behauptung sei wahr oder müsse akzeptiert werden, weil die Person, die sie aufstellt, eine Autoritäts-, Experten- oder hohe Statusposition innehat, und Glauben aufgrund ihres Titels anstatt der vorgelegten Beweise fordert. Dies schließt Appelle an den 'wissenschaftlichen Konsens' ein, wenn dieser dazu dient, Fragen zu unterbinden, anstatt Beweise vorzulegen.","'Als Abteilungsleiter kann ich Ihnen sagen, dass dieses Projekt erfolgreich sein wird, und Sie müssen die Daten nicht sehen. Meine Position ist Beweis genug.' oder 'Sie müssen akzeptieren, dass diese Theorie korrekt ist, weil 97% der Wissenschaftler darin übereinstimmen; den Konsens in Frage zu stellen, ist illegitim.'","relevanz"
2,"Ad Hominem","Dieser Trugschluss tritt auf, wenn jemand die Ansicht einer anderen Person aufgrund persönlicher Merkmale, Herkunft, Aussehen oder anderer für das Argument irrelevanter Merkmale ablehnt oder kritisiert.","'Sie können dem medizinischen Rat von Dr. Schmidt zur Ernährung nicht trauen, weil sie übergewichtig ist.' Dies greift das persönliche Erscheinungsbild von Dr. Schmidt an, was für die wissenschaftliche Gültigkeit ihrer medizinischen Empfehlungen irrelevant ist.","relevanz"
3,"Tu Quoque (Appell an die Heuchelei)","Eine spezifische Art des Ad-hominem-Trugschlusses, der ein Argument abtut, indem er auf die Heuchelei des Argumentierenden hinweist. Er lenkt Kritik ab, indem er sie auf den Ankläger zurückwirft, aber die Heuchelei des Argumentierenden entkräftet sein Argument nicht.","'Mein Vater hat mir gesagt, ich soll nicht zu schnell fahren, weil es gefährlich ist, aber ich muss nicht auf ihn hören, weil er letztes Jahr einen Strafzettel wegen zu schnellen Fahrens bekommen hat.' Die vergangenen Handlungen des Vaters ändern nichts an der Tatsache, dass zu schnelles Fahren objektiv gefährlich ist.","relevanz"
4,"Genetischer Trugschluss","Dieser Trugschluss besteht darin, eine Behauptung aufgrund ihres Ursprungs, ihrer Quelle oder ihrer Geschichte zu akzeptieren oder abzulehnen, anstatt ihren aktuellen Wert oder ihre Beweise zu bewerten. Die Quelle einer Idee ist unabhängig von ihrer Wahrheit oder Falschheit.","'Dieses Auto kann unmöglich gut sein; es wurde in einem Land hergestellt, das für billige Produkte bekannt ist.' Dies beurteilt das Auto aufgrund seines Herstellungsortes, nicht aufgrund seiner tatsächlichen Leistung, Sicherheitsbewertungen oder Bauqualität.","relevanz"
5,"Ad Populum (Mitläufereffekt)","Dieser Trugschluss behauptet, dass ein Vorschlag wahr sein muss, weil viele oder die meisten Menschen daran glauben. Er appelliert an den Wunsch, dazuzugehören und auf der Gewinnerseite zu stehen, aber die Popularität einer Idee hat keinen Einfluss auf ihre Gültigkeit.","'Millionen von Menschen sind auf dieses neue Smartphone umgestiegen, also muss es das beste auf dem Markt sein.' Die Popularität des Telefons könnte auf erfolgreiches Marketing zurückzuführen sein, anstatt auf überlegene Funktionen oder Qualität.","relevanz"
6,"Appell an die Autorität (Irrelevant)","Dies geschieht, wenn ein Argument auf dem Zeugnis einer Autoritätsperson beruht, die kein Experte auf dem relevanten Gebiet ist. Während das Zitieren relevanter Experten ein gültiger Teil eines Arguments ist, ist das Zitieren einer irrelevanten Autorität trügerisch.","'Ein berühmter Schauspieler sagte in einem Interview, dass diese spezielle Marke von Vitamin C Erkältungen vorbeugen wird, also decke ich mich ein.' Der Schauspieler ist eine Autorität für Schauspielerei, nicht für Immunologie oder Ernährung.","relevanz"
7,"Appell an die Natur","Dies ist das Argument, dass etwas gut ist, weil es 'natürlich' ist, oder schlecht, weil es 'unnatürlich' ist. Dies ist ein Trugschluss, weil die Natürlichkeit von etwas nicht von Natur aus mit seinen positiven oder negativen Eigenschaften verbunden ist.","'Sie sollten sich nicht impfen lassen; es ist unnatürlich. Es ist besser, Immunität durch natürliche Infektion aufzubauen.' Dies ignoriert die Tatsache, dass viele natürliche Dinge wie Zyanid, Arsen und tödliche Viren extrem schädlich sind.","relevanz"
8,"Appell an die Tradition","Dieser Trugschluss argumentiert, dass eine These richtig sein muss, weil sie eine lange Tradition hat. Die Tatsache, dass eine Idee seit langer Zeit existiert, macht sie nicht automatisch wahr oder besser als neuere Ideen.","'Unser Unternehmen verwendet diese Managementstruktur seit fünfzig Jahren und war erfolgreich, also gibt es keinen Grund, sie zu ändern.' Dies ignoriert die Möglichkeit, dass sich die Marktbedingungen geändert haben und eine neue Struktur noch effektiver sein könnte.","relevanz"
9,"Appell an die Armut (Argumentum ad Lazarum)","Dieser Trugschluss ist die Annahme, dass eine Schlussfolgerung richtig ist, weil der Sprecher arm ist, oder dass sie falsch ist, weil der Sprecher reich ist. Es ist das Gegenteil des Appells an den Reichtum.","'Die Mönche haben allem materiellen Reichtum entsagt. Sie müssen die wahre Erleuchtung erlangt haben.' Ihre Armut beweist nicht ihre Weisheit.","relevanz"
10,"Appell an den Reichtum (Argumentum ad Crumenam)","Dieser Trugschluss geht davon aus, dass ein Argument richtig ist, weil der Sprecher reich ist, oder umgekehrt, dass ein Argument falsch ist, weil der Sprecher arm ist. Finanzieller Erfolg ist kein Maß für die Wahrhaftigkeit eines Arguments.","'Wenn du so schlau bist, warum bist du dann nicht reich? Dieser Milliardär sagt, diese Investition sei eine sichere Sache, und er sollte es wissen.' Dies setzt finanziellen Erfolg mit Fachwissen in allen Bereichen gleich.","relevanz"
11,"Moralistischer Trugschluss","Dieser Trugschluss geht von einer Aussage darüber, wie die Dinge sein *sollten*, zu einer Tatsachenbehauptung darüber, wie die Dinge *sind*. Er geht davon aus, dass sich die Welt unseren moralischen Überzeugungen anpassen wird, was eine Form von Wunschdenken ist.","'Jeder sollte gleich behandelt werden, daher gibt es keine angeborenen genetischen Unterschiede in den Fähigkeiten zwischen den Menschen.' Der moralische Imperativ der Gleichbehandlung impliziert logischerweise keine Tatsachenschlussfolgerung über biologische Einheitlichkeit.","relevanz"
12,"Naturalistischer Trugschluss (Sein-Sollen-Fehlschluss)","Dies geschieht, wenn jemand von einer Tatsachenaussage (was 'ist') zu einer Wertaussage (was 'sein sollte') argumentiert. Er geht davon aus, dass die Art und Weise, wie die Dinge sind, die Art und Weise ist, wie sie sein sollten.","'Weil Tiere in der Natur Fleisch fressen, ist es für Menschen moralisch akzeptabel, Fleisch zu essen.' Dieses Argument nimmt eine beschreibende Tatsache über die natürliche Welt und versucht, daraus eine moralische Vorschrift abzuleiten.","relevanz"
13,"Roter Hering","Dies ist eine Ablenkungstaktik. Ein Argumentierender begeht einen Roter-Hering-Trugschluss, indem er ein irrelevantes Thema in eine Diskussion einbringt, um die Aufmerksamkeit vom ursprünglichen Thema abzulenken.","'Auf die Frage nach seiner Abstimmungsbilanz zum Umweltschutz antwortet ein Senator: 'Ich bin viel mehr über die Bedrohung durch den Terrorismus besorgt.'' Dies vermeidet die Frage, indem ein anderes Thema eingeführt wird.","relevanz"
14,"Strohmann-Argument","Dieser Trugschluss tritt auf, wenn jemand die Position eines Gegners verzerrt, falsch darstellt oder übertreibt, um sie leichter angreifen zu können. Anstatt das tatsächliche Argument zu widerlegen, schlagen sie eine schwächere, hergestellte Version nieder.","'Person A: 'Ich denke, wir sollten die Mittel für öffentliche Schulen erhöhen.' Person B: 'Also sagen Sie, wir sollten einfach unbegrenzt Geld in ein kaputtes System werfen und unsere Staatsschulden ignorieren? Das ist unverantwortlich!''","relevanz"
15,"Appell an die Emotion","Dies ist eine breite Kategorie von Trugschlüssen, die die Manipulation der Emotionen eines Publikums – wie Angst, Mitleid oder Freude – beinhaltet, um ein Argument zu gewinnen, insbesondere in Abwesenheit von sachlichen Beweisen.","'Ein Werbespot für eine Wohltätigkeitsorganisation zeigt traurige Bilder von hungernden Kindern mit bewegender Musik und fordert die Zuschauer zum Spenden auf.' Die Anzeige appelliert hauptsächlich an das Mitleid, anstatt einen logischen Fall zu präsentieren.","relevanz"
16,"Appell an die Angst (Argumentum ad Baculum)","Eine spezifische Art des Appells an die Emotion, bei der ein Argumentierender versucht, Unterstützung für eine Idee zu schaffen, indem er Angst vor einer Alternative schürt. Er verlässt sich auf Panikmache anstelle von Beweisen.","'Wenn wir dieses Überwachungsgesetz nicht verabschieden, ist ein großer Terroranschlag auf unserem Boden unvermeidlich.' Dieses Argument nutzt die Angst, nicht den Beweis für die Wirksamkeit des Gesetzes.","relevanz"
17,"Appell an die Schmeichelei","Dieser Trugschluss beinhaltet die Verwendung von Schmeicheleien und Komplimenten, um ein Publikum davon zu überzeugen, eine Schlussfolgerung zu akzeptieren, anstatt Beweise zu liefern. Der Appell richtet sich an die Eitelkeit des Zuhörers, nicht an seinen Intellekt.","'Eine Person Ihres erlesenen Geschmacks kann sicherlich die überlegene Qualität dieses teuren Kunstwerks erkennen.' Das Kompliment soll den potenziellen Käufer entgegenkommender machen.","relevanz"
18,"Appell an das Mitleid (Argumentum ad Misericordiam)","Dieser Trugschluss versucht, Unterstützung für ein Argument oder eine Idee zu gewinnen, indem er die Mitleids- oder Schuldgefühle des Gegners ausnutzt. Der emotionale Appell wird als Ersatz für ein begründetes Argument verwendet.","'Professor, ich weiß, dass ich die Prüfung nicht bestanden habe, aber ich hatte ein wirklich hartes Semester. Wenn ich diesen Kurs nicht bestehe, verliere ich mein Stipendium. Sie müssen mir eine bestandene Note geben.'","relevanz"
19,"Appell an den Spott","Dieser Trugschluss besteht darin, das Argument eines Gegners als absurd, lächerlich oder humorvoll darzustellen und daher keiner ernsthaften Betrachtung wert. Spott wird anstelle einer tatsächlichen Gegenargumentation verwendet.","'Sie glauben tatsächlich an die Evolutionstheorie? Sie denken also, Ihr Großvater war ein Affe? Das ist urkomisch!' Diese Karikatur soll die Position verspotten, anstatt sich mit den Beweisen auseinanderzusetzen.","relevanz"
20,"Appell an den Groll","Dieser Trugschluss versucht, ein Publikum zu beeinflussen, indem er seine bestehenden Gefühle von Bitterkeit, Groll oder Ressentiments gegenüber der Gegenseite ausnutzt. Das Argument basiert auf Feindseligkeit statt auf Logik.","'Warum sollten Sie eine von dieser Partei vorgeschlagene Politik unterstützen? Erinnern Sie sich, wie sie letztes Jahr das Gesetz blockiert haben, das wir alle wollten? Stimmen wir dagegen, nur um es ihnen heimzuzahlen.'","relevanz"
21,"Wunschdenken","Dieser Trugschluss tritt auf, wenn eine Person zu dem Schluss kommt, dass ein Vorschlag wahr sein muss, weil sie es sich wünscht. Der Wunsch, dass etwas wahr ist, wird als Beweis für seine Wahrhaftigkeit verwendet.","'Ich bin sicher, dass ich den Job bekomme, weil er perfekt für mich wäre und ich ihn wirklich brauche.' Der Wunsch des Sprechers hat keinen Einfluss auf die Entscheidung des Arbeitgebers.","relevanz"
22,"Appell an die Neuheit (Argumentum ad Novitatem)","Dieser Trugschluss behauptet, dass eine Idee oder ein Vorschlag richtig oder überlegen ist, nur weil er neu und modern ist. Neuheit ist kein Beweis für Qualität oder Wahrheit.","'Unser Unternehmen muss auf diese neue Management-Software umsteigen. Es ist die neueste Version, also muss sie viel effizienter sein als unser altes System.'","relevanz"
23,"Argument aus der Ungläubigkeit","Dieser Trugschluss behauptet, dass ein Vorschlag falsch sein muss, weil er den persönlichen Erwartungen oder Überzeugungen widerspricht oder weil er schwer vorstellbar ist. Die Unfähigkeit einer Person, etwas zu verstehen, macht es nicht unwahr.","'Ich finde es unmöglich zu glauben, dass die Weite des Universums aus einem einzigen Punkt im Urknall entstanden sein könnte. Daher muss die Theorie falsch sein.'","relevanz"
24,"Appell an die Unwissenheit (Argumentum ad Ignorantiam)","Dieser Trugschluss behauptet, dass ein Vorschlag wahr ist, weil es keine Beweise gibt, um ihn als falsch zu beweisen, oder dass er falsch ist, weil es keine Beweise gibt, um ihn als wahr zu beweisen. Ein Mangel an Beweisen ist kein Beweis.","'Niemand konnte jemals beweisen, dass es keine Geister gibt, also ist es vernünftig zu glauben, dass es sie gibt.' Die Beweislast liegt bei der Person, die die Behauptung aufstellt.","relevanz"
25,"Appell an die selbstverständliche Wahrheit","Dieser Trugschluss besteht darin, eine Behauptung als 'selbstverständlich' oder 'offensichtlich' darzustellen und daher keine unterstützenden Beweise zu benötigen. Diese Taktik versucht, die Debatte zu beenden.","'Es ist selbstverständlich, dass die Erhöhung der Unternehmenssteuern der Wirtschaft schadet.' Dies wird als unbestreitbare Tatsache dargestellt, ist aber eine komplexe wirtschaftliche Behauptung, die Beweise erfordert.","relevanz"
26,"Appell an den Stein (Argumentum ad Lapidem)","Dieser Trugschluss besteht darin, eine Aussage als absurd abzutun, ohne einen Beweis für ihre Absurdität zu liefern. Es ist eine Weigerung, sich mit dem Argument selbst auseinanderzusetzen.","'Person A legt ein detailliertes Argument für eine politische Änderung vor. Person B antwortet einfach: 'Das ist der absurdeste Vorschlag, den ich je gehört habe', und bietet kein Gegenargument.'","relevanz"
27,"Beweislast-Trugschluss","Dieser Trugschluss tritt auf, wenn jemand eine Behauptung aufstellt, aber die Beweislast auf die andere Partei legt, um sie zu widerlegen, anstatt Beweise für seine eigene Behauptung zu liefern. Wer behauptet, muss beweisen.","'Ich behaupte, dass eine Teekanne zwischen Erde und Mars um die Sonne kreist. Da Sie nicht beweisen können, dass sie nicht da ist, müssen Sie meine Behauptung als wahr akzeptieren.'","relevanz"
28,"Trugschluss der Zusammensetzung","Dies ist der Fehler anzunehmen, dass das, was für einen Teil wahr ist, auch für das Ganze wahr ist. Die Eigenschaften der Teile übertragen sich nicht notwendigerweise auf die Eigenschaften der vollständigen Entität.","'Jeder Spieler in diesem Basketballteam ist ein Superstar. Daher muss das Team selbst das beste in der Liga sein.' Dies ignoriert, dass ein Team von Superstars möglicherweise keine gute Chemie hat.","relevanz"
29,"Trugschluss der Teilung","Die Umkehrung des Trugschlusses der Zusammensetzung, dies ist der Fehler anzunehmen, dass das, was für das Ganze wahr ist, auch für seine Teile wahr ist.","'Unser Unternehmen ist sehr profitabel. Daher muss jeder einzelne Mitarbeiter in unserem Unternehmen profitabel sein.' Dies ignoriert, dass Erfolg ein kollektives Ergebnis ist.","relevanz"
30,"Trugschluss der einzigen Ursache (Kausale Übervereinfachung)","Dieser Trugschluss tritt auf, wenn angenommen wird, dass es eine einzige, einfache Ursache für ein Ergebnis gibt, obwohl es in Wirklichkeit durch eine Reihe von nur gemeinsam hinreichenden Ursachen verursacht worden sein kann.","'Die Schulschießerei geschah wegen gewalttätiger Videospiele.' Dies vereinfacht ein komplexes Ereignis übermäßig und ignoriert andere potenzielle beitragende Faktoren.","relevanz"
31,"Absichtlichkeits-Trugschluss","Dies ist die Voreingenommenheit anzunehmen, dass die Ergebnisse der Handlungen einer Person das waren, was sie beabsichtigte. Es beinhaltet oft, böswillige Absicht Unfällen oder unbeabsichtigten Konsequenzen zuzuschreiben.","'Mein Kollege hat nicht auf meine wichtige E-Mail geantwortet, also muss er mich absichtlich ignorieren.' Dies setzt ein böswilliges Motiv voraus, während er die E-Mail einfach übersehen haben könnte.","relevanz"
32,"Aufbauschen von Konflikten","Dieser Trugschluss tritt auf, wenn jemand eine geringfügige oder interne Meinungsverschiedenheit unter Experten in einem Bereich übertreibt, um den Konsens des Bereichs vollständig abzutun.","'Wissenschaftler sind sich über die genaue Rate des Klimawandels uneinig, also ist das ganze Konzept der globalen Erwärmung wahrscheinlich nicht wahr.' Dies ignoriert den überwältigenden Konsens, dass sie stattfindet.","relevanz"
33,"Ludischer Trugschluss","Dies ist der Missbrauch von Spielen und statistischen Zufallsmodellen, um komplexe, reale Situationen darzustellen, wobei die Auswirkungen unbekannter 'schwarzer Schwan'-Ereignisse ignoriert werden.","'Basierend auf meinen Finanzmodellen hat der Markt eine 0,1%ige Chance auf einen Absturz, also sind meine Investitionen absolut sicher.' Dies behandelt die Wirtschaft wie ein Casinospiel mit bekannten Quoten.","relevanz"
34,"Verschieben der Torpfosten","Dieser Trugschluss tritt auf, wenn die Kriterien für den Beweis oder die Annahme eines Arguments geändert werden, nachdem die ursprünglichen Kriterien erfüllt wurden. Es ist eine unfaire Taktik, um einen Punkt nicht zuzugeben.","'Person A: 'Beweisen Sie, dass Ihre Politik die Kosten senkt.' Person B liefert einen Bericht, der Kostensenkungen zeigt. Person A antwortet: 'Okay, aber jetzt beweisen Sie, dass es die Mitarbeitermoral nicht beeinträchtigt.''","relevanz"
35,"Ergebnis-Voreingenommenheit","Dies ist der Fehler, die Qualität einer Entscheidung anhand ihres Ergebnisses zu bewerten, anstatt anhand der Qualität des Entscheidungsprozesses zum Zeitpunkt der Entscheidung.","'Ein Chirurg führt eine risikoreiche Operation perfekt durch, aber der Patient stirbt an einer seltenen Komplikation. Den Chirurgen als inkompetent zu beurteilen, ist eine Ergebnis-Voreingenommenheit.'","relevanz"
36,"Dammbruch-Argument (Slippery Slope)","Dieser Trugschluss behauptet, dass ein relativ kleiner erster Schritt unweigerlich zu einer Kette von verwandten Ereignissen führen wird, die in einem signifikanten negativen Effekt gipfeln, ohne ausreichende Beweise für die Unvermeidlichkeit.","'Wenn wir der Stadt erlauben, Plastikstrohhalme zu verbieten, werden sie als nächstes alle Plastiktüten verbieten, und schließlich können wir nichts mehr in Plastik kaufen!'","relevanz"
37,"Texas-Scharfschützen-Trugschluss","Dieser Trugschluss wird begangen, wenn Unterschiede in den Daten ignoriert, aber Ähnlichkeiten betont werden. Es geht darum, Datencluster auszuwählen, die zu einem Argument passen.","'Ein Limonadenhersteller weist darauf hin, dass in den fünf Bundesstaaten mit den höchsten Verkaufszahlen drei auch zu den zehn gesündesten Bundesstaaten gehören. Sie schlussfolgern, dass ihre Limonade Teil eines gesunden Lebensstils ist.'","relevanz"
38,"Appell an die Wahrscheinlichkeit","Dies ist ein Trugschluss, bei dem angenommen wird, dass, weil etwas passieren könnte, es unweigerlich passieren wird. Dies verwechselt Möglichkeit mit Gewissheit.","'Es gibt so viele Autos auf der Straße, es ist unvermeidlich, dass ich eines Tages einen schweren Unfall haben werde, also kann ich auch rücksichtslos fahren.'","relevanz"
39,"Falsche Richtung (Kausale Umkehrung)","Dieser Trugschluss tritt auf, wenn Ursache und Wirkung vertauscht werden. Der Argumentierende behauptet, dass X Y verursacht, obwohl in Wirklichkeit Y X verursacht.","'Beobachtet man, dass sehr kranke Menschen oft in Krankenhäusern sind, schließt jemand daraus, dass Krankenhäuser krank machen. In Wirklichkeit gehen die Menschen ins Krankenhaus, weil sie bereits krank sind.'","kausal"
40,"Korrelation impliziert Kausalität (Cum Hoc Ergo Propter Hoc)","Dieser Trugschluss ist der Fehler zu schlussfolgern, dass, weil zwei Ereignisse zusammen auftreten, das eine die Ursache des anderen sein muss. Er übersieht die Möglichkeit eines dritten Faktors, der beide verursacht.","'Wenn die Eisverkäufe steigen, steigt auch die Zahl der Haiangriffe. Daher verursacht der Kauf von Eis Haiangriffe.' In Wirklichkeit ist heißes Wetter die Ursache für beides.","kausal"
41,"Post Hoc Ergo Propter Hoc","Wörtlich 'danach, also deswegen', tritt dieser Trugschluss auf, wenn angenommen wird, dass, weil ein Ereignis auf ein anderes folgte, das erste Ereignis das zweite verursacht haben muss.","'Ich trug mein Glückstrikot und mein Team gewann das Spiel. Daher hat mein Trikot das Team zum Sieg geführt.' Die zeitliche Abfolge von Ereignissen reicht nicht aus, um eine Kausalität herzustellen.","kausal"
42,"Regressions-Trugschluss","Dieser Trugschluss berücksichtigt keine natürlichen Schwankungen und die Regression zum Mittelwert. Er schreibt eine Rückkehr zur Normalität einer Handlung zu, die ergriffen wurde, als ein Ergebnis außergewöhnlich war.","'Ein Patient mit extremen Rückenschmerzen probiert ein neues Mittel und fühlt sich eine Woche später viel besser. Er schreibt die Genesung dem Mittel zu, aber es ist wahrscheinlich, dass der extreme Schmerz auf natürliche Weise zu einem weniger schmerzhaften Durchschnittszustand zurückging.'","kausal"
43,"Dritte-Ursache-Trugschluss","Eine Variante des Trugschlusses 'Korrelation impliziert Kausalität', dieser Fehler tritt auf, wenn ein dritter, nicht anerkannter Faktor (eine Störvariable) die Ursache für zwei korrelierte Ereignisse ist.","'Die Anzahl der Störche in einer Region korreliert mit der menschlichen Geburtenrate. Daher bringen Störche die Babys.' Die dritte Ursache ist die Größe der Region; größere Regionen haben mehr Störche und mehr Menschen.","kausal"
44,"Spieler-Trugschluss","Der irrige Glaube, dass, wenn ein bestimmtes zufälliges Ereignis in der Vergangenheit häufiger als normal auftritt, es in der Zukunft weniger wahrscheinlich ist (oder umgekehrt).","'An einem Rouletterad glaubt ein Spieler nach zehn roten Zahlen, dass eine schwarze Zahl 'fällig' ist. In Wirklichkeit ist die Wahrscheinlichkeit bei jeder Drehung gleich.'","kausal"
45,"Heisse-Hand-Trugschluss","Die Umkehrung des Spieler-Trugschlusses, dies ist der Glaube, dass eine Person, die bei einem zufälligen Ereignis Erfolg hatte, eine größere Chance auf weiteren Erfolg hat.","'Ein Basketballspieler trifft mehrere Würfe hintereinander, und die Fans glauben, er habe eine 'heiße Hand' und treffe eher seinen nächsten Wurf. Statistisch gesehen ist jeder Wurf ein unabhängiges Ereignis.'","kausal"
46,"Überlebens-Voreingenommenheit","Ein logischer Fehler, sich auf die Menschen oder Dinge zu konzentrieren, die einen Prozess 'überlebt' haben, und dabei versehentlich diejenigen zu übersehen, die dies aufgrund ihrer mangelnden Sichtbarkeit nicht taten.","'Die Analyse zurückkehrender Bomber im Zweiten Weltkrieg, um zu sehen, wo sie getroffen wurden, und vorschlagen, an diesen Stellen Panzerungen anzubringen. Der Trugschluss besteht darin, die Stellen nicht zu panzern, die *nicht* getroffen wurden, da Flugzeuge, die dort getroffen wurden, wahrscheinlich nicht überlebten.'","kausal"
47,"Magisches Denken","Der Glaube, dass die eigenen Gedanken, Worte oder Handlungen Ereignisse in der physischen Welt auf eine Weise beeinflussen können, die nicht durch die Gesetze der Physik gestützt wird.","'Ein Athlet glaubt, dass das Tragen eines bestimmten Paares 'Glückssocken' der Grund war, warum er eine Meisterschaft gewonnen hat. Dies schreibt einem Objekt kausale Kraft zu, das keinen tatsächlichen Einfluss hat.'","kausal"
48,"Versunkene-Kosten-Trugschluss (Concorde-Trugschluss)","Ein Verhalten oder Unterfangen aufgrund zuvor investierter Ressourcen (Zeit, Geld oder Mühe) fortzusetzen, unabhängig davon, ob die aktuellen Kosten den erwarteten Nutzen überwiegen.","'Wir haben bereits Millionen in die Entwicklung dieses neuen Produkts investiert. Es verkauft sich nicht gut, aber wir können jetzt nicht einfach aufhören; wir müssen die ursprüngliche Investition rechtfertigen.'","kausal"
49,"Assoziations-Trugschluss (Schuld durch Assoziation)","Dieser Trugschluss behauptet, dass die Eigenschaften einer Sache von Natur aus die Eigenschaften einer anderen sind, nur durch eine irrelevante Assoziation.","'Mein politischer Gegner hat einmal eine Wahlkampfspende von einem umstrittenen Unternehmen angenommen. Daher muss mein Gegner die unethischen Praktiken dieses Unternehmens gutheißen.'","kausal"
50,"Ökologischer Trugschluss","Dieser Trugschluss beinhaltet das Ziehen von Schlussfolgerungen über ein Individuum auf der Grundlage von aggregierten Daten für die Gruppe, zu der dieses Individuum gehört. Gruppenstatistiken gelten nicht notwendigerweise für Einzelpersonen.","'Eine Studie zeigt, dass Land X einen sehr hohen nationalen Glückswert hat. Meine Freundin kommt aus Land X, also muss sie eine sehr glückliche Person sein.'","kausal"
51,"Etymologischer Trugschluss","Der Fehler zu argumentieren, dass die historische oder ursprüngliche Bedeutung eines Wortes (seine Etymologie) seine einzig richtige und aktuelle Bedeutung ist und die Entwicklung der Sprache ignoriert.","'Jemand argumentiert, dass das Wort 'schrecklich' (awful) ein positiver Begriff sein sollte, weil es ursprünglich 'voller Ehrfurcht' (full of awe) bedeutete. Dies ignoriert, dass sich seine Bedeutung im Laufe der Jahrhunderte geändert hat.'","kausal"
52,"Historiker-Trugschluss","Dies geschieht, wenn man annimmt, dass Entscheidungsträger der Vergangenheit Ereignisse aus derselben Perspektive betrachteten und dieselben Informationen hatten wie diejenigen, die die Entscheidung nachträglich analysieren.","'Die Generäle im Ersten Weltkrieg hätten wissen müssen, dass der Grabenkrieg zu einem Patt führen würde; es war offensichtlich.' Dies ignoriert die zeitgenössischen Militärtheorien, die ihre Entscheidungen leiteten.","kausal"
53,"McNamara-Trugschluss","Dieser Trugschluss besteht darin, eine Entscheidung ausschließlich auf der Grundlage quantitativer Metriken und Daten zu treffen und dabei qualitative Faktoren und schwer messbare Informationen zu ignorieren.","'Ein Schulbezirk bewertet seine Lehrer nur anhand der Testergebnisse der Schüler. Dies ignoriert andere entscheidende Faktoren wie die Fähigkeit eines Lehrers, Kreativität zu inspirieren.'","kausal"
54,"Nirwana-Trugschluss (Perfekte-Lösung-Trugschluss)","Der Fehler, jede realistische Lösung abzulehnen, weil sie ein Problem nicht vollständig löst. Er vergleicht einen praktischen Vorschlag mit einer unrealistischen, idealisierten 'perfekten' Alternative.","'Warum sollten wir dieses neue Recyclingprogramm umsetzen? Es wird nicht den gesamten Abfall beseitigen, also lohnt es sich nicht.' Dies lehnt einen positiven Schritt ab, weil er keine perfekte Lösung ist.","kausal"
55,"Zerbrochenes-Fenster-Trugschluss","Ein wirtschaftlicher Trugschluss, der argumentiert, dass ein zerstörerisches Ereignis gut für die Wirtschaft ist, weil es die Ausgaben für Reparaturen ankurbelt. Er ignoriert die unsichtbaren Kosten – das Geld hätte für etwas Neues ausgegeben werden können.","'Der Hurrikan war ein Segen im Unglück, weil er so viele Bauarbeitsplätze geschaffen hat, um die Stadt wieder aufzubauen.' Dies übersieht, dass die Ressourcen für den Wiederaufbau für neuen Fortschritt hätten verwendet werden können.","kausal"
56,"Appell an den Zufall","Dieser Trugschluss tritt auf, wenn ein Argumentierender starke Beweise für einen kausalen Zusammenhang abtut, indem er behauptet, die Korrelation sei nur ein Zufall, oft ohne Beweise für den Zufall selbst zu liefern.","'Es ist nur ein Zufall, dass jedes Mal, wenn unser CEO seine Aktien verkauft, das Unternehmen eine Woche später schlechte Nachrichten bekannt gibt.' Dies tut ein verdächtiges Muster ab, das wahrscheinlich auf Insiderhandel hindeutet.","kausal"
57,"Verfügbarkeitsheuristik (als Trugschluss)","Eine mentale Abkürzung, die sich auf unmittelbare Beispiele stützt, die einem in den Sinn kommen. Dies wird zu einem Trugschluss, wenn diese lebhaften Beispiele verwendet werden, um die Wahrscheinlichkeit zu beurteilen und ein Argument aufzubauen.","'Nachdem eine Person mehrere Nachrichtenberichte über Haiangriffe gesehen hat, argumentiert sie, dass die Strände geschlossen werden sollten, und übertreibt das Risiko aufgrund lebhafter, aber statistisch seltener Ereignisse.'","kausal"
58,"Bestätigungsfehler (als Trugschluss)","Die Tendenz, ein Argument aufzubauen, indem man nur Informationen sucht, interpretiert und erinnert, die die eigenen bereits bestehenden Überzeugungen bestätigen, während man widersprüchliche Beweise ignoriert.","'Eine Person, die glaubt, eine Diät sei gesund, wird nur nach Erfahrungsberichten und Artikeln suchen, die sie unterstützen, und diese kuratierten Informationen dann als Beweis für ihre Wirksamkeit präsentieren.'","kausal"
59,"Gerechte-Welt-Trugschluss","Die kognitive Voreingenommenheit, dass die Handlungen einer Person dazu neigen, moralisch faire Konsequenzen nach sich zu ziehen. Es wird zu einem Trugschluss, wenn argumentiert wird, dass Opfer von Unglück es verdient haben müssen.","'Sie wurde ausgeraubt, weil sie ihren teuren Schmuck in einer schlechten Gegend zur Schau stellte; sie hat darum gebeten.' Dies gibt dem Opfer die Schuld für das Verbrechen.","kausal"
60,"Spotlight-Trugschluss","Die Tendenz anzunehmen, dass die Berichterstattung der Medien über eine Gruppe repräsentativ für die gesamte Gruppe ist. Es ist ein Trugschluss der Verallgemeinerung, der auf den sichtbarsten Mitgliedern basiert.","'Wenn man Nachrichtenberichte sieht, die sich ausschließlich auf gewalttätige Proteste konzentrieren, kommt eine Person zu dem Schluss, dass alle Menschen, die diese Sache unterstützen, gewalttätig sind, auch wenn die große Mehrheit friedlich ist.'","kausal"
61,"Falsches Dilemma (Falsche Dichotomie)","Dieser Trugschluss stellt eine Situation so dar, als gäbe es nur zwei Alternativen, obwohl in Wirklichkeit andere Alternativen existieren oder existieren können. Er schränkt die Wahlmöglichkeiten künstlich ein, um eine Entscheidung zu erzwingen.","'Entweder Sie sind für uns, oder Sie sind für die Terroristen.' Dies stellt nur zwei Optionen dar und ignoriert die Möglichkeit der Neutralität oder des Widerstands gegen beide Seiten.","konditional"
62,"Kontinuum-Trugschluss (Haufen-Trugschluss)","Dieser Trugschluss lehnt eine Behauptung ab, weil es nicht möglich ist, eine genaue Grenze zwischen zwei Zuständen zu ziehen. Er nutzt die Mehrdeutigkeit vager Begriffe aus.","'Man kann nicht mit Sicherheit sagen, wann eine Ansammlung von Sand zu einem Haufen wird. Daher existieren Haufen nicht.' Die Unfähigkeit, eine genaue Schwelle zu definieren, negiert nicht das Konzept.","konditional"
63,"Zirkelschluss (Petitio Principii)","Ein Argument, bei dem die Schlussfolgerung in einer der Prämissen angenommen wird. Es ist eine Form des zirkulären Denkens, das keine echten Beweise liefert, da es im Wesentlichen argumentiert, dass eine Aussage wahr ist, weil sie wahr ist.","'Die Bibel ist das Wort Gottes, weil es so in der Bibel steht, und Gott würde nicht lügen.' Die Prämisse (die Bibel ist wahr) ist auch die Schlussfolgerung.","konditional"
64,"Voreilige Verallgemeinerung","Dieser Trugschluss besteht darin, eine weitreichende Schlussfolgerung auf der Grundlage einer kleinen oder nicht repräsentativen Stichprobengröße zu ziehen. Die Schlussfolgerung ist ein Sprung, der nicht durch die Beweise gerechtfertigt ist.","'Ich habe zwei Leute aus New York getroffen und beide waren unhöflich. Daher sind alle aus New York unhöflich.' Diese Schlussfolgerung basiert auf einer anekdotischen Stichprobe von zwei Personen.","konditional"
65,"Kein wahrer Schotte","Eine Art, Beweise neu zu interpretieren, um die Widerlegung der eigenen Position zu verhindern. Ein Argumentierender, der diesen Trugschluss verwendet, modifiziert seine Behauptung als Reaktion auf ein Gegenbeispiel, indem er den spezifischen Fall ohne Rechtfertigung ausschließt.","'Person A: 'Kein Schotte tut Zucker in seinen Haferbrei.' Person B: 'Aber mein Onkel Angus ist Schotte und er tut Zucker in seinen Haferbrei.' Person A: 'Ah, aber kein *wahrer* Schotte tut Zucker in seinen Haferbrei.''","konditional"
66,"Äquivokation","Die irreführende Verwendung eines Begriffs mit mehr als einer Bedeutung oder einem Sinn. Sie tritt oft in Syllogismen auf, bei denen ein Schlüsselbegriff die Bedeutung wechselt.","'Das Schild sagte 'Fine for parking here' (Parken hier in Ordnung/gebührenpflichtig), und da es in Ordnung war, parkte ich dort.' Dies spielt mit dem Wort 'fine', das 'akzeptabel' oder 'eine Geldstrafe' bedeuten kann.","konditional"
67,"Amphibolie","Ein Trugschluss der Mehrdeutigkeit, bei dem die Mehrdeutigkeit nicht in einem Wort oder einer Phrase liegt, sondern in der grammatikalischen Struktur eines Satzes. Der Satz kann auf mehr als eine Weise interpretiert werden.","'Das Orakel sagte Krösus, dass er, wenn er in den Krieg mit Persien zöge, ein mächtiges Reich zerstören würde.' Krösus zog in den Krieg und zerstörte sein eigenes mächtiges Reich. Die Aussage war mehrdeutig.","konditional"
68,"Rosinenpicken (Unterdrückte Beweise)","Die Handlung, auf Einzelfälle oder Daten hinzuweisen, die eine bestimmte Position zu bestätigen scheinen, während ein signifikanter Teil verwandter Fälle oder Daten, die dieser Position widersprechen könnten, ignoriert wird.","'Ein Politiker hebt eine einzelne Stadt hervor, in der seine neue Wirtschaftspolitik erfolgreich war, während er absichtlich die zehn anderen Städte nicht erwähnt, in denen dieselbe Politik gescheitert ist.'","konditional"
69,"Sonderbehandlung","Dieser Trugschluss tritt auf, wenn jemand Standards oder Regeln auf andere Personen anwendet, während er sich selbst oder seine eigenen Umstände von denselben Regeln ohne angemessene Rechtfertigung ausnimmt.","'Ja, ich glaube an die Meinungsfreiheit für alle, aber die Ansichten meines Gegners sind so gefährlich, dass sie auf diesem Campus nicht erlaubt sein sollten.' Dies schafft eine besondere Ausnahme.","konditional"
70,"Falsche Äquivalenz","Ein Argument oder Vergleich, der eine Situation beschreibt, in der eine logische und scheinbare Äquivalenz besteht, obwohl in Wirklichkeit keine besteht. Er vergleicht oft ein geringfügiges Vergehen mit einer großen Gräueltat.","'Die Person, die illegal einen Film heruntergeladen hat, ist genauso schlimm wie der CEO, der Millionen veruntreut hat. Sie sind beide Diebe.' Dies setzt fälschlicherweise zwei Handlungen von sehr unterschiedlichem Ausmaß gleich.","konditional"
71,"Argument zur Mäßigung (Falscher Kompromiss)","Der Trugschluss, dass die Wahrheit immer in der Mitte von zwei Gegensätzen liegt. Während Kompromisse nützlich sein können, garantieren sie keine logisch fundierte Schlussfolgerung.","'Eine Person sagt, der Himmel sei blau, und eine andere sagt, der Himmel sei gelb. Daher muss die Wahrheit sein, dass der Himmel grün ist.' Dies ist trügerisch, weil eine der Ausgangspositionen sachlich richtig ist.","konditional"
72,"Verdinglichung (Hypostasierung)","Dies ist ein Trugschluss der Mehrdeutigkeit, bei dem eine Abstraktion (ein abstrakter Glaube oder ein hypothetisches Konstrukt) so behandelt wird, als wäre sie ein konkretes, reales Ereignis oder eine physische Entität.","'Die Gerechtigkeit verlangt, dass wir die Schuldigen bestrafen.' Hier wird von 'Gerechtigkeit' als einem konkreten Akteur gesprochen, der Forderungen stellen kann, obwohl es sich tatsächlich um ein abstraktes Konzept handelt.","konditional"
73,"Psychologen-Trugschluss","Dies geschieht, wenn ein Beobachter annimmt, dass seine subjektive Interpretation eines Ereignisses dieselbe ist wie die subjektive Erfahrung der an dem Ereignis beteiligten Person.","'Ein Therapeut, der sieht, wie ein Klient lächelt, wenn er über ein Trauma spricht, schließt daraus: 'Er muss Freude an seinem vergangenen Leid finden.'' Der Therapeut projiziert eine Standardinterpretation eines Lächelns.","konditional"
74,"Argument aus dem Schweigen","Ein Trugschluss, bei dem eine Schlussfolgerung auf der Abwesenheit von Beweisen anstatt auf deren Vorhandensein beruht. Er geht davon aus, dass, wenn eine Quelle etwas nicht erwähnt hat, es nicht passiert sein muss.","'Herodot, der große Historiker, erwähnt die Pyramiden von Gizeh in seinen Schriften über Ägypten nie. Daher müssen sie nicht da gewesen sein, als er sie besuchte.'","konditional"
75,"Konjunktions-Trugschluss","Die Annahme, dass ein Ergebnis, das mehrere spezifische Bedingungen erfüllt, wahrscheinlicher ist als ein Ergebnis, das eine einzige, allgemeinere Bedingung erfüllt.","'Auf die Frage, was wahrscheinlicher ist: 'Ein Mann wird einen Herzinfarkt haben' oder 'Ein Mann, der über 55 ist, übergewichtig ist und raucht, wird einen Herzinfarkt haben', wählen viele die zweite Option, obwohl die erste Gruppe logischerweise die zweite einschließt.'","konditional"
76,"Basisraten-Trugschluss (als Trugschluss)","Dieser Trugschluss besteht darin, statistische Basisrateninformationen zu ignorieren und sich stattdessen auf spezifische, oft anekdotische Informationen zu konzentrieren, um ein Argument aufzubauen.","'Wenn Sie einen ruhigen Mann sehen, der Gedichte mag, ist es wahrscheinlicher, dass er ein Professor für Klassische Philologie oder ein LKW-Fahrer ist? Für 'Professor' zu argumentieren, ignoriert die weitaus größere Anzahl von LKW-Fahrern (die Basisrate).'","konditional"
77,"Ankläger-Trugschluss","Ein Trugschluss der statistischen Argumentation, bei dem die Wahrscheinlichkeit eines zufälligen Treffers als die Wahrscheinlichkeit der Unschuld des Angeklagten angenommen wird. Er verwechselt P(Beweis|Unschuldig) mit P(Unschuldig|Beweis).","'Es gibt eine Chance von eins zu einer Million, dass die DNA des Angeklagten übereinstimmt, wenn er unschuldig wäre. Daher gibt es eine Chance von eins zu einer Million, dass er unschuldig ist.' Dies ist falsch.","konditional"
78,"Suggestivfrage","Eine Frage, die eine umstrittene oder ungerechtfertigte Annahme enthält (z. B. eine Schuldvermutung). Die direkte Beantwortung einer solchen Frage impliziert die Zustimmung zu der Annahme.","'Haben Sie aufgehört, bei Ihren Prüfungen zu schummeln?' Diese Frage setzt voraus, dass die Person in der Vergangenheit geschummelt hat. Entweder eine 'Ja'- oder 'Nein'-Antwort ist ein Schuldeingeständnis.","konditional"
79,"Doppelbindung","Ein rhetorisches Mittel, bei dem einer Person zwei Wahlmöglichkeiten geboten werden, aber beide Wahlmöglichkeiten zum selben unerwünschten Ergebnis für sie führen und sie effektiv in eine Falle locken.","'Ein Manager sagt zu einem Mitarbeiter: 'Ich brauche Sie, um durchsetzungsfähiger zu sein, aber stellen Sie meine Autorität nicht in Frage.' Der Mitarbeiter wird kritisiert, egal ob er unabhängig handelt oder passiv bleibt.'","konditional"
80,"Framing-Effekt (als Trugschluss)","Der Trugschluss, eine Schlussfolgerung zu manipulieren, indem identische Informationen auf unterschiedliche Weise präsentiert werden.","'Einer Gruppe wird gesagt, ein neues Verfahren habe eine '90%ige Erfolgsquote', während einer anderen gesagt wird, es habe eine '10%ige Misserfolgsquote'. Zu argumentieren, das eine sei besser als das andere, ist ein Trugschluss.'","konditional"
81,"Motte-und-Bailey-Trugschluss","Eine rhetorische Strategie, bei der ein Argumentierender zwei Positionen vermischt: eine bescheidene und leicht zu verteidigende ('die Motte') und eine umstrittenere ('der Bailey'). Wenn er für den Bailey angegriffen wird, zieht er sich in die Motte zurück.","'Jemand argumentiert für den 'Bailey': 'Die Gesellschaft sollte radikal umstrukturiert werden, um alle Hierarchien zu beseitigen.' Wenn er herausgefordert wird, zieht er sich in die 'Motte' zurück: 'Alles, was ich sage, ist, wir sollten netter zueinander sein.''","konditional"
82,"Falsche Analogie","Dieser Trugschluss besteht darin anzunehmen, dass, weil zwei Dinge in einem oder mehreren Aspekten ähnlich sind, sie notwendigerweise in einem anderen, oft entscheidenden Aspekt ähnlich sind. Die Analogie ist nicht stark genug, um die Schlussfolgerung zu stützen.","'Eine Regierung sollte wie ein Unternehmen gewinnorientiert geführt werden.' Dies ist eine schwache Analogie, da die Hauptverantwortung einer Regierung nicht gewinnorientiert ist.","konditional"
83,"Appell an den Abschluss","Das Argument, dass eine Schlussfolgerung akzeptiert werden muss, weil sie ein Gefühl der Endgültigkeit oder des Abschlusses für ein komplexes oder beunruhigendes Thema bietet. Das Bedürfnis nach Abschluss wird über die Beweise gestellt.","'Dieser Mordfall dauert schon zu lange; wir müssen den aktuellen Verdächtigen verurteilen, damit die Familie einen Abschluss finden kann.' Das Verlangen nach Abschluss ist kein gültiger Grund zur Verurteilung.","konditional"
84,"Zirkuläre Behauptung","Eine Form des Zirkelschlusses, bei der die Prämisse eines Arguments nur eine Neuformulierung der Schlussfolgerung ist, oft in leicht abgewandelten Worten.","'Unser Produkt ist das beste auf dem Markt, weil kein anderes Produkt ihm überlegen ist.' Die Prämisse ('kein anderes Produkt ist überlegen') ist nur eine andere Art, die Schlussfolgerung zu sagen.","konditional"
85,"Trugschluss des ausgeschlossenen Mittleren","Eine spezifische Form eines falschen Dilemmas, bei der angenommen wird, dass nur zwei extreme, gegensätzliche Positionen die einzigen Optionen sind, während die Möglichkeit gemäßigter Ansichten ignoriert wird.","'Wenn Sie dieses neue Sicherheitsgesetz mit seiner invasiven Überwachung nicht unterstützen, müssen Sie wollen, dass die Terroristen gewinnen.' Dies stellt nur die beiden Extreme dar und schließt jede nuancierte Position aus.","konditional"
86,"Bejahung des Konsequens","Ein formaler Trugschluss, bei dem aus der ursprünglichen Aussage das Gegenteil gefolgert wird. Das Argument hat die ungültige Form: Wenn P, dann Q. Q ist wahr. Also ist P wahr.","'Wenn es regnet, ist die Straße nass. Die Straße ist nass. Also muss es regnen.' Dies ist trügerisch, weil die Straße von einem Straßenreiniger nass sein könnte.","formal"
87,"Verneinung des Antezedens","Ein formaler Trugschluss, bei dem aus der ursprünglichen Aussage das Inverse gefolgert wird. Das Argument hat die ungültige Form: Wenn P, dann Q. P ist nicht wahr. Also ist Q nicht wahr.","'Wenn Sie einen Führerschein haben, sind Sie über 16. Sie haben keinen Führerschein. Also sind Sie nicht über 16.' Dies ist falsch; ein 25-Jähriger könnte einfach keinen Führerschein haben.","formal"
88,"Trugschluss des unverteilten Mittleren","Ein formaler Trugschluss in einem kategorischen Syllogismus, bei dem der mittlere Begriff (der die beiden Prämissen verbindet) nicht verteilt ist, d.h. er bezieht sich nicht auf alle Mitglieder seiner Kategorie.","'Alle Hunde sind Säugetiere. Alle Katzen sind Säugetiere. Also sind alle Hunde Katzen.' Hier ist 'Säugetiere' der unverteilte mittlere Begriff.","formal"
89,"Argument aus dem Trugschluss (Trugschluss des Trugschlusses)","Der formale Trugschluss, ein Argument zu analysieren und daraus zu schließen, dass, da es einen Trugschluss enthält, seine Schlussfolgerung falsch sein muss. Ein trügerisches Argument kann zufällig zu einer wahren Schlussfolgerung gelangen.","'Person A: 'Alle Katzen sind Tiere. Ginger ist ein Tier. Also ist Ginger eine Katze.' Person B: 'Sie haben einen Trugschluss begangen. Also ist Ginger keine Katze.' Die Schlussfolgerung könnte trotzdem wahr sein.'","formal"
90,"Existenzieller Trugschluss","Ein formaler Trugschluss, bei dem eine Schlussfolgerung, die Existenz behauptet, aus Prämissen gezogen wird, die keine Existenz behaupten.","'Alle Einhörner haben Hörner. Alle Einhörner sind magisch. Also haben einige magische Kreaturen Hörner.' Das Argument ist formal gültig, aber trügerisch, weil es aus Prämissen über eine nicht existierende Klasse etwas Existierendes schließt.","formal"
91,"Modaler Trugschluss","Ein Trugschluss in der Modallogik, bei dem eine Aussage über Möglichkeit oder Notwendigkeit verwechselt wird. Eine häufige Form ist die Verwechslung von 'Es ist nicht notwendigerweise wahr, dass P' mit 'Es ist notwendigerweise wahr, dass nicht-P'.","'Der Präsident wird notwendigerweise über 35 sein. John ist über 35. Also ist John notwendigerweise der Präsident.' Dies verwechselt eine notwendige Eigenschaft des Präsidenten damit, Johns Präsidentschaft zu einer Notwendigkeit zu machen.","formal"
92,"Kessel-Logik","Die Verwendung mehrerer, inkonsistenter Argumente zur Verteidigung eines einzigen Punktes. Der Name stammt von einer Geschichte, in der ein Mann die Rückgabe eines beschädigten Kessels verteidigt, indem er argumentiert: (1) er hat ihn nie geliehen, (2) er war bereits beschädigt, und (3) er war in perfektem Zustand, als er ihn zurückgab.","'Ein des Betrugs beschuldigter Student argumentiert: 'Ich habe nicht geschummelt. Außerdem habe ich nur bei einer Frage auf das Blatt meines Nachbarn geschaut. Und sowieso haben alle anderen auch geschummelt.''","formal"
93,"Non Sequitur","Lateinisch für 'es folgt nicht', dies ist ein allgemeiner Begriff für eine Schlussfolgerung, die nicht logisch aus den Prämissen folgt. Die Verbindung zwischen Prämisse und Schlussfolgerung fehlt oder ist unsinnig.","'Mein Gegner genießt klassische Musik, und das taten auch die römischen Kaiser. Er wäre daher ein tyrannischer Führer.' Es gibt keine logische Verbindung zwischen Musikgeschmack und Führungsstil.","formal"
94,"Bejahung einer Disjunktion","Ein formaler Trugschluss mit der Struktur: P oder Q. P ist wahr. Also ist Q nicht wahr. Dies ist nur ein Trugschluss, wenn das 'oder' inklusiv ist (d.h. sowohl P als auch Q könnten wahr sein).","'Die Speisekarte sagt, dieses Gericht kommt mit Suppe oder Salat. Ich nehme die Suppe. Also nehme ich nicht den Salat.' (Viele Restaurants erlauben beides).","formal"
95,"Verneinung einer Konjunktion","Ein formaler Trugschluss mit der Struktur: Es ist nicht der Fall, dass (P und Q). Nicht P. Also Q. Der Fehler besteht darin anzunehmen, dass einer der Konjunkte wahr sein muss, wenn die Konjunktion falsch ist.","'Ein Angeklagter kann nicht gleichzeitig des Mordes und des Totschlags schuldig sein. Der Angeklagte ist nicht des Mordes schuldig. Also muss er des Totschlags schuldig sein.' (Der Angeklagte könnte beider unschuldig sein).","formal"
96,"Trugschluss der ausschließlichen Prämissen","Ein formaler Trugschluss in einem kategorischen Syllogismus, bei dem beide Prämissen negativ sind (z. B. 'kein X ist Y' und 'kein Z ist X'). Aus zwei negativen Prämissen kann keine gültige Schlussfolgerung gezogen werden.","'Keine Fische sind Säugetiere. Einige Hunde sind keine Fische. Also sind einige Hunde keine Säugetiere.' (Die Schlussfolgerung ist falsch, und die Argumentstruktur ist ungültig).","formal"
97,"Trugschluss der vier Begriffe","Ein formaler Trugschluss, der auftritt, wenn ein Syllogismus vier oder mehr Begriffe anstelle der erforderlichen drei hat. Dies geschieht oft durch Äquivokation.","'Alle Flüsse haben Ufer (banks). Alle Banken (banks) haben Geld. Also haben alle Flüsse Geld.' (Das Wort 'bank' wird mit zwei verschiedenen Bedeutungen verwendet).","formal"
98,"Unerlaubter Major","Ein formaler Trugschluss, bei dem der Hauptbegriff (das Prädikat der Schlussfolgerung) in der Schlussfolgerung verteilt ist, aber nicht in der Hauptprämisse.","'Alle Katzen sind Säugetiere. Keine Hunde sind Katzen. Also sind keine Hunde Säugetiere.' ('Säugetiere' ist in der Schlussfolgerung verteilt, aber nicht in der Prämisse).","formal"
99,"Unerlaubter Minor","Ein formaler Trugschluss, bei dem der Nebenbegriff (das Subjekt der Schlussfolgerung) in der Schlussfolgerung verteilt ist, aber nicht in der Nebenprämisse.","'Alle Aktivisten sind leidenschaftliche Menschen. Alle Aktivisten sind Bürger. Also sind alle Bürger leidenschaftliche Menschen.' ('Bürger' ist in der Schlussfolgerung verteilt, aber nicht in der Prämisse).","formal"
100,"Maskierter-Mann-Trugschluss (Intensionaler Trugschluss)","Dieser formale Trugschluss beinhaltet eine ungültige Substitution von Identitäten in einer Aussage über Glauben oder Wissen. Das Wissen einer Person über ein Objekt ist keine Eigenschaft des Objekts selbst.","'Prämisse 1: Ich weiß, wer Bruce Wayne ist. Prämisse 2: Ich weiß nicht, wer Batman ist. Schlussfolgerung: Also ist Bruce Wayne nicht Batman.' (Das Argument scheitert, weil 'wissen' sich auf meinen mentalen Zustand bezieht).","formal"
101,"Quantoren-Verschiebungs-Trugschluss","Ein formaler Trugschluss, bei dem die Quantoren in einem Argument (wie 'alle', 'einige' oder 'keine') auf ungültige Weise vertauscht werden.","'Für jede Person gibt es einen Traum, den sie hegt. Daher gibt es einen Traum, den jede Person hegt.' Dies verschiebt fälschlicherweise von jeder Person, die ihren eigenen Traum hat, zu allen Menschen, die einen einzigen Traum teilen.","formal"
102,"Trugschluss des gestohlenen Konzepts","Die Handlung, ein Konzept zu verwenden, während man die Gültigkeit der fundamentaleren Konzepte, von denen es logisch abhängt, ignoriert, widerspricht oder leugnet.","'Eine Person argumentiert: 'Ich bin sicher, dass nichts sicher sein kann.' Um dieser Behauptung sicher zu sein, muss sie sich auf das Konzept der Sicherheit verlassen, das sie gleichzeitig leugnet.'","formal"
103,"Definistischer Trugschluss","Dieser Trugschluss besteht darin, einen Begriff auf eine voreingenommene oder tendenziöse Weise zu definieren, um die eigene Position in einem Argument zu begünstigen, wodurch ihre Schlussfolgerung per Definition wahr wird.","'In einer Debatte über Freiheit argumentiert jemand: 'Wahre Freiheit ist nicht, zu tun, was man will, sondern zu tun, was moralisch richtig ist.' Er argumentiert dann, seine Position sei moralisch richtig und macht sie so zu einem Akt 'wahrer Freiheit' nach seiner eigenen Definition.'","formal"
104,"Vakue Wahrheit","Eine Aussage, die technisch wahr ist, aber keine nützliche Information vermittelt, weil die Prämisse (der 'wenn'-Teil) leer ist oder auf nichts zutrifft. Sie ist nur wahr, weil die Bedingung nie erfüllt wird.","'Die Aussage 'Alle meine Autos, die aus massivem Gold sind, sind derzeit in meiner Garage geparkt' ist vaku wahr, weil der Sprecher keine Autos aus massivem Gold besitzt.'","formal"
105,"Appell an die Leistung","Dieser Trugschluss tritt auf, wenn ein Argumentierender die angebliche Gültigkeit seines Arguments auf seinen eigenen oder den Leistungen anderer stützt, die für die Substanz des Arguments irrelevant sind.","'Ich habe ein Milliarden-Dollar-Unternehmen von Grund auf aufgebaut, also sollten Sie auf meinen Rat zur Außenpolitik hören.' Der Geschäftserfolg des Sprechers verleiht ihm keine Expertise in internationalen Beziehungen.","relevanz"
106,"Argument aus der Wiederholung (Ad Nauseam)","Dieser Trugschluss besteht darin, eine Behauptung immer wieder zu wiederholen, anstatt bessere Beweise zu liefern. Die Wiederholung kann die Behauptung glaubwürdiger erscheinen lassen, unabhängig von ihrer Wahrhaftigkeit.","'Eine politische Kampagne strahlt wiederholt einen Werbespot mit einem einfachen Slogan aus, der einen Gegner angreift. Nachdem sie ihn dutzende Male gehört haben, könnten die Wähler anfangen, ihn zu glauben, ohne Beweise gesehen zu haben.'","relevanz"
107,"Falsche Zuschreibung","Dieser Trugschluss besteht darin, eine unzuverlässige, voreingenommene, irrelevante oder sogar erfundene Quelle anzuführen, um ein Argument zu stützen. Das Ziel ist es, den Anschein von Autorität oder Beweisen zu erwecken, wo keine sind.","'Laut einer Studie des Instituts für Getränkeforschung ist das Trinken von drei Limonaden pro Tag gesund.' Das 'Institut' könnte eine von Limonadenfirmen finanzierte Frontgruppe sein.","relevanz"
108,"Gedanken-beendendes Klischee","Eine häufig verwendete Phrase oder Volksweisheit, die verwendet wird, um eine Debatte zu beenden oder ein komplexes Thema abzutun und so weiteres kritisches Denken zu verhindern. Sie liefert eine einfache Antwort, vermeidet aber eine echte Auseinandersetzung.","'Bei der Diskussion über die Komplexität eines sozialen Problems beendet jemand das Gespräch mit den Worten: 'Es ist, wie es ist.' Dieses Klischee unterbindet jede weitere Analyse.'","relevanz"
109,"Appell an die Komplexität","Dieser Trugschluss behauptet, dass eine Schlussfolgerung falsch ist, weil das sie stützende Argument für das Publikum (oder den Argumentierenden) zu komplex ist, um es zu verstehen. Er verwechselt Unverständnis mit Ungültigkeit.","'Das wissenschaftliche Papier, das den Klimawandel erklärt, ist voller komplexer Modelle, denen ich nicht folgen kann, also glaube ich nicht, dass die Schlussfolgerungen vertrauenswürdig sind.'","relevanz"
110,"Dunning-Kruger-Effekt (als Trugschluss)","Eine kognitive Voreingenommenheit, bei der Menschen mit geringer Fähigkeit bei einer Aufgabe ihre Fähigkeit überschätzen. Es wird zu einem Trugschluss, wenn sie selbstbewusst Argumente in einem Bereich vorbringen, in dem ihnen Wissen fehlt.","'Eine Person, die nur ein paar Online-Artikel über Impfstoffe gelesen hat, argumentiert selbstbewusst gegen einen Epidemiologen und glaubt, ihr eigenes Verständnis sei überlegen.'","relevanz"
111,"Reaktanz (als Trugschluss)","Der Drang, das Gegenteil von dem zu tun, was jemand von Ihnen möchte. Dies wird zu einem Trugschluss, wenn es die alleinige Grundlage für die Ablehnung eines Arguments bildet, anstatt einer rationalen Bewertung seiner Vorzüge.","'Ein Teenager beschließt, mit dem Rauchen anzufangen, gerade weil seine Eltern und alle Gesundheitswarnungen es ihm verbieten. Die Entscheidung ist eine Reaktion auf die wahrgenommene Kontrolle, keine rationale Bewertung.'","relevanz"
112,"Zwei Unrechte ergeben ein Recht","Dieser Trugschluss tritt auf, wenn eine Person versucht, eine Handlung gegen eine andere Person zu rechtfertigen, indem sie behauptet, die andere Person habe dasselbe getan oder würde es tun.","'Ja, ich habe sein Auto zerkratzt, aber er hat mich zuerst betrogen!' Das anfängliche Fehlverhalten rechtfertigt den Vergeltungsakt des Vandalismus weder moralisch noch rechtlich.","relevanz"
113,"Appell an das Gesetz","Argumentieren, dass etwas moralisch richtig ist, weil es legal ist, oder moralisch falsch, weil es illegal ist. Dieser Trugschluss setzt rechtliche Standards mit ethischen Standards gleich, die nicht immer dieselben sind.","'Es ist nichts Falsches an der Art und Weise, wie unser Unternehmen seine ausländischen Arbeiter behandelt, weil wir alle lokalen Arbeitsgesetze befolgen.' Die Legalität der Handlungen macht sie nicht automatisch ethisch.","relevanz"
114,"Chronologischer Snobismus","Das Argument, dass das Denken, die Kunst oder die Wissenschaft einer früheren Zeit von Natur aus minderwertig gegenüber der Gegenwart ist, einfach aufgrund ihrer zeitlichen Abfolge.","'Warum sollten Sie antike Philosophie lesen? Die moderne Wissenschaft hat all dieses altmodische Denken bereits widerlegt.' Dies verwirft ganze Denkrichtungen aufgrund ihres Alters.","relevanz"
115,"Höflings-Antwort","Ein Trugschluss, bei dem eine Behauptung abgetan wird, indem behauptet wird, dem Kritiker fehle es an ausreichendem Wissen oder Referenzen, um die Behauptung aufzustellen, ohne auf die Substanz der Kritik selbst einzugehen.","'Nachdem ein Außenstehender auf einen Widerspruch in einer Wirtschaftstheorie hingewiesen hat, antwortet ein Ökonom: 'Sie können das unmöglich verstehen; Sie haben nicht jahrelang fortgeschrittene Ökonometrie studiert wie ich.''","relevanz"
116,"Mit schwachem Lob verdammen","Eine Person oder Idee anzugreifen, indem man formell Lob ausspricht, aber für eine so geringfügige oder triviale Qualität, dass dies darauf hindeutet, dass die Person oder Idee keine wesentlichen wertvollen Eigenschaften hat.","'Auf die Frage nach einem Empfehlungsschreiben schreibt ein Manager: 'Ich kann bezeugen, dass er immer pünktlich zur Arbeit war.' Das Lob ist so schwach, dass es impliziert, dass es nichts anderes Positives zu sagen gibt.'","relevanz"
117,"Galileo-Gambit","Das Argument, dass, weil die eigenen unkonventionellen Ideen von der Mehrheit verspottet oder abgelehnt werden, sie richtig sein müssen, in Analogie zu historischen Figuren wie Galileo.","'Sie haben alle über meine Theorie gelacht, dass die Erde hohl ist, aber sie haben auch über Galileo gelacht! Meine Theorie muss wahr sein.' Die Tatsache, dass einige richtige Ideen einst verspottet wurden, bedeutet nicht, dass alle verspotteten Ideen richtig sind.","relevanz"
118,"Gish-Galopp","Eine rhetorische Technik, bei der eine Person in einer Debatte versucht, ihren Gegner zu überwältigen, indem sie eine übermäßige Anzahl von Argumenten liefert, unabhängig von deren Genauigkeit oder Relevanz.","'In einer Debatte rattert eine Person in einer zweiminütigen Rede Dutzende von irreführenden Statistiken und Halbwahrheiten herunter. Ihr Gegner ist nicht in der Lage, auf die Flut von Fehlinformationen einzugehen.'","relevanz"
119,"Ich habe ein Recht auf meine Meinung","Eine Erklärung, die verwendet wird, um eine Debatte zu beenden oder eine Überzeugung vor Kritik zu schützen. Während Menschen ein Recht auf ihre Meinung haben, wird dieser Satz trügerisch verwendet, um zu implizieren, dass alle Meinungen gleichermaßen gültig sind.","'Nachdem ihre Behauptungen über Astrologie mit Beweisen widerlegt wurden, schließt eine Person mit: 'Nun, das ist Ihre Ansicht. Ich habe ein Recht auf meine Meinung.''","relevanz"
120,"Den Brunnen vergiften","Eine Art von Ad-hominem-Argument, bei dem dem Publikum präventiv nachteilige Informationen über ein Ziel präsentiert werden, mit der Absicht, alles zu diskreditieren oder lächerlich zu machen, was die Zielperson sagen wird.","'Vor einer Debatte sagt ein Moderator: 'Unser nächster Redner ist ein verurteilter Verbrecher und ein bekannter Lügner. Bitte hören Sie zu, was er zu sagen hat.' Das Publikum ist nun darauf vorbereitet, dem Redner zu misstrauen.'","relevanz"
121,"Reductio ad Hitlerum","Der Versuch, die Position von jemandem zu entkräften, mit der Begründung, dass dieselbe Ansicht von Adolf Hitler oder der NSDAP vertreten wurde. Es ist eine hochentzündliche Form des Assoziations-Trugschlusses.","'Sie argumentieren für Vegetarismus? Wissen Sie, Hitler war auch Vegetarier!' Dies versucht, die Position zu beflecken, indem sie mit einer verabscheuten historischen Figur in Verbindung gebracht wird.","relevanz"
122,"Stil-über-Substanz-Trugschluss","Dieser Trugschluss tritt auf, wenn die Art der Präsentation eines Argumentierenden (z. B. sein Charisma oder seine Zuversicht) als wichtiger beurteilt wird als der Inhalt, die Logik oder die Beweise seines Arguments.","'Die Rede des Kandidaten war so kraftvoll und inspirierend; er muss Recht haben mit der Wirtschaft.' Der Zuhörer wird von der eloquenten Darbietung überzeugt, anstatt den Plan kritisch zu analysieren.","relevanz"
123,"Ton-Polizei","Ein Trugschluss, der sich auf die Emotion oder den Ton einer Nachricht konzentriert, anstatt auf die Substanz der Nachricht, um das Argument abzutun oder die Diskussion zu entgleisen.","'Nachdem eine Person leidenschaftlich gegen eine soziale Ungerechtigkeit argumentiert, antwortet ein Zuhörer: 'Ich kann Ihr Argument nicht ernst nehmen, wenn Sie so wütend sind. Sie müssen sich beruhigen.''","relevanz"
124,"Gewollte Unwissenheit","Die Tendenz, Informationen zu vermeiden oder zu ignorieren, die unangenehm sein oder den eigenen bestehenden Überzeugungen widersprechen könnten. Es ist eine bewusste Entscheidung, uninformiert zu bleiben, um einen geschätzten Standpunkt zu schützen.","'Eine Person weigert sich, wissenschaftliche Berichte über die Gesundheitsrisiken ihres Lieblingsessens zu lesen und sagt: 'Ich will es nicht wissen, ich will es nur genießen.''","relevanz"
125,"Appell an die Konsequenzen","Argumentieren, dass ein Vorschlag wahr oder falsch sein muss, weil die Konsequenzen, wenn er wahr oder falsch wäre, wünschenswert oder unerwünscht sind. Die Konsequenzen einer Überzeugung haben keinen Einfluss auf ihre Wahrhaftigkeit.","'Ein Universum, das von einem liebenden Gott geschaffen wurde, ist ein viel tröstlicherer Gedanke als eines, das aus dem Zufall entstand. Daher muss Gott existieren.'","relevanz"
126,"Appell an den gesunden Menschenverstand","Behaupten, dass eine Schlussfolgerung wahr ist, weil sie 'gesunder Menschenverstand' ist. Dies ist trügerisch, weil viele Dinge, die einst als gesunder Menschenverstand galten (z. B. die Erde ist flach), als falsch erwiesen wurden.","'Es ist einfach gesunder Menschenverstand, dass man das Kind verdirbt, wenn man die Rute schont.' Dies vermeidet es, tatsächliche Beweise für die Wirksamkeit der körperlichen Züchtigung zu liefern.","relevanz"
127,"Bulverismus","Geprägt von C.S. Lewis, besteht dieser Trugschluss darin, anzunehmen, das Argument eines Gegners sei aufgrund seines psychologischen Motivs oder seiner Identität ungültig, und dann dieses Motiv zu erklären, ohne das Argument selbst jemals zu widerlegen.","'Sie glauben nur an dieses moralische Prinzip, weil Sie in einem religiösen Haushalt aufgewachsen sind. Ich kann erklären, warum Ihre Erziehung Sie zu dieser Ansicht geführt hat...' Dies verwirft das Prinzip, indem es seinen angeblichen Ursprung erklärt.","relevanz"
128,"Trugschluss der relativen Entbehrung (Nicht so schlimm wie)","Ein Argument oder eine Beschwerde aufgrund der Existenz wichtigerer Probleme in der Welt abzutun, unabhängig davon, ob diese Probleme für die aktuelle Diskussion relevant sind.","'Person A: 'Ich bin verärgert, dass mein Flug verspätet war.' Person B: 'Sie sollten sich nicht beschweren, es gibt hungernde Menschen auf der Welt.' Die Existenz hungernder Menschen entkräftet nicht die Frustration.'","relevanz"
129,"Beweis durch Behauptung","Ein logischer Trugschluss, bei dem ein Vorschlag ungeachtet des Widerspruchs wiederholt wird. Er kann manchmal als rhetorische Taktik verwendet werden, um einen Punkt durch schiere Wiederholung zu verstärken.","'In einer Diskussion sagt eine Person immer wieder: 'Dies ist der beste Plan. Es ist einfach der beste Plan. Kein anderer Plan ist besser.' Sie liefert keine Beweise, nur wiederholte Behauptungen.'","relevanz"
130,"Appell an die Unbequemlichkeit","Die Behauptung, dass ein Argument falsch sein muss, weil seine Annahme schwierig, unbequem oder mit erheblichem Aufwand verbunden wäre. Die Bequemlichkeit einer Überzeugung bestimmt nicht ihre Wahrheit.","'An den Klimawandel zu glauben würde bedeuten, dass ich meinen Lebensstil ändern muss. Das ist zu viel Mühe, also glaube ich nicht, dass er real ist.'","relevanz"
131,"Argument durch Kauderwelsch (Verwirrung)","Ein Trugschluss, der die Verwendung übermäßig komplexer, obskurer oder technisch klingender Sprache (Jargon) beinhaltet, um den Eindruck von Intelligenz zu erwecken und einen Gegner einzuschüchtern oder zu verwirren, damit er eine Schlussfolgerung akzeptiert.","'Durch die Nutzung synergistischer Paradigmen zur Hebelung unserer Kernkompetenzen können wir einen Paradigmenwechsel in unserer operativen Matrix bewirken.' Die Aussage ist größtenteils bedeutungsloser Jargon.","relevanz"
132,"Moralischer-Hochmut-Trugschluss","Dieser Trugschluss tritt auf, wenn jemand annimmt, er habe in seinem Argument Recht, nur weil er glaubt, eine moralisch überlegene Position innezuhaben. Er verwendet selbst wahrgenommene Tugend als Ersatz für Beweise.","'Ich bin eine mitfühlende und fürsorgliche Person, im Gegensatz zu meinem Gegner. Daher ist mein Vorschlag für die Gesundheitsreform besser.' Der selbsternannte moralische Charakter des Sprechers ist irrelevant.","relevanz"
133,"Beweis durch Wortreichtum (Argumentum Verbosium)","Der Trugschluss, einen Gegner mit einer riesigen Menge an Informationen zu überwältigen, so dass er unmöglich auf alles antworten kann. Er ist mit dem Gish-Galopp verwandt.","'Als Antwort auf eine einfache Frage legt eine Person ein 500-seitiges Dokument voller Diagramme und Daten vor und behauptet dann, ihre Position sei bewiesen, weil der Gegner das gesamte Dokument unmöglich analysieren und widerlegen kann.'","relevanz"
134,"Appell an das Eigeninteresse","Dieser Trugschluss versucht, ein Publikum davon zu überzeugen, eine Schlussfolgerung zu akzeptieren, indem er an ihre persönlichen Interessen, Wünsche oder Vorteile appelliert, anstatt logische Beweise für die Schlussfolgerung selbst zu liefern.","'Sie sollten für diese Steuersenkung stimmen, weil sie mehr Geld direkt in Ihre Tasche bringt.' Dies geht nicht darauf ein, ob die Steuersenkung für die Wirtschaft insgesamt vorteilhaft ist.","relevanz"
135,"Appell an die Gewalt (Argumentum ad Baculum)","Dieser Trugschluss tritt auf, wenn ein Argumentierender versucht, nicht durch Argumentation, sondern durch Drohung oder Einschüchterung der anderen Person zu überzeugen. Es ist eine Drohung, explizit oder subtil, anstelle eines Arguments.","'Wenn Sie mit meinen politischen Ansichten nicht einverstanden sind, werden Sie Ihren Job in diesem Unternehmen verlieren.' Die Drohung, entlassen zu werden, ersetzt jedes logische Argument.","relevanz"
136,"Appell an das Motiv","Ein Trugschluss, bei dem ein Argument abgetan wird, indem das Motiv der Person, die es vorbringt, in Frage gestellt wird, anstatt auf die Substanz des Arguments selbst einzugehen. Es ist eine spezifische Art von Ad-hominem-Argument.","'Dieser Wissenschaftler argumentiert für strengere Umweltvorschriften. Er sucht wahrscheinlich nur nach mehr staatlichen Forschungsgeldern.' Dies greift das vermutete Motiv des Wissenschaftlers an.","relevanz"
137,"Homunkulus-Trugschluss","Ein Argument, das versucht, ein Phänomen durch das Phänomen selbst zu erklären, das es erklären soll, was zu einem unendlichen Regress führt.","'Um zu erklären, wie eine Person sehen kann, könnte man behaupten, es gäbe eine winzige Person (einen Homunkulus) im Gehirn, die einen Bildschirm beobachtet. Dies erklärt das Sehen nicht; es verlagert nur das Problem.'","kausal"
138,"If-by-Whiskey","Eine rhetorische Taktik, bei der ein Sprecher beide Seiten eines Themas zu unterstützen scheint, indem er emotional aufgeladene Sprache verwendet, die verschiedene Zielgruppen anspricht. Die tatsächliche Position des Sprechers bleibt unklar.","'Ein Politiker zu einer umstrittenen neuen Steuer: 'Wenn Sie mit 'Steuer' meinen, Geld von Familien zu nehmen, um verschwenderische Programme zu finanzieren, bin ich dagegen. Aber wenn Sie mit 'Steuer' eine Investition in bessere Schulen meinen, dann bin ich dafür.''","kausal"
139,"Überdeterminierung","Dies geschieht, wenn ein Ereignis mehrere hinreichende Ursachen hat, was bedeutet, dass jede einzelne von ihnen ausgereicht hätte, um die Wirkung hervorzurufen. Der Trugschluss besteht darin, eine Ursache als *die* Ursache herauszugreifen.","'Ein Mann wird gleichzeitig erschossen, erstochen und vergiftet, was alles tödlich gewesen wäre. Zu behaupten, er sei *wegen* des Schusses gestorben, ist eine Übervereinfachung.'","kausal"
140,"Pfadabhängigkeit","Die Idee, dass vergangene Entscheidungen und Ereignisse einen 'Pfad' schaffen, der zukünftige Entscheidungen einschränkt, auch wenn andere Optionen effizienter sein könnten. Der historische Pfad, nicht die aktuelle Optimalität, diktiert das Ergebnis.","'Das QWERTZ-Tastaturlayout wurde entwickelt, um Schreibkräfte an alten Schreibmaschinen zu verlangsamen. Obwohl es für moderne Computer ineffizient ist, bleibt es aufgrund der massiven Kosten für Umschulung bestehen.'","kausal"
141,"Näherungs- vs. Wurzelursachen-Trugschluss","Dieser Trugschluss verwechselt die unmittelbare oder nähere Ursache eines Ereignisses mit seiner fundamentalen oder Wurzelursache. Nur die nähere Ursache anzugehen, verhindert oft nicht, dass das Problem erneut auftritt.","'Die nähere Ursache des Hausbrandes war ein defektes Kabel. Die Wurzelursache war das Versäumnis der Stadt, die Bauvorschriften durchzusetzen, was eine solche fehlerhafte Verkabelung ermöglichte.'","kausal"
142,"Teleologischer Trugschluss","Dies ist die Annahme, dass Naturphänomene einen Zweck, ein Ziel oder einen Plan haben und dass sie handeln, um diesen Zweck zu erreichen. Er schreibt geistlosen, mechanistischen Prozessen Absicht zu.","'Der Zweck des Regens ist es, die Pflanzen zu wässern und die Flüsse zu füllen.' Dies weist einem meteorologischen Prozess ein Ziel zu, der tatsächlich von der Physik angetrieben wird, nicht von einem Bedürfnis, Pflanzen zu helfen.","kausal"
143,"Planungsfehlschluss (als Trugschluss)","Eine kognitive Voreingenommenheit, bei der man die Zeit und die Kosten zukünftiger Handlungen unterschätzt. Es wird zu einem Trugschluss, wenn es verwendet wird, um für einen unrealistischen Plan zu argumentieren.","''Diese Hausrenovierung wird nur zwei Wochen dauern und genau das kosten, was ich budgetiert habe.' Dies ist oft eine trügerische Vorhersage, die die hohe Wahrscheinlichkeit unvorhergesehener Verzögerungen ignoriert.'","kausal"
144,"Stereotypisierung (als Trugschluss)","Ein Trugschluss der Verallgemeinerung, bei dem eine Überzeugung über eine bestimmte Gruppe von Menschen auf jedes einzelne Mitglied dieser Gruppe angewendet wird, ohne individuelle Variationen zuzulassen.","'Er ist Programmierer, also muss er sozial unbeholfen und introvertiert sein.' Dies wendet ein gängiges Stereotyp auf eine Person an, ohne Kenntnis ihrer tatsächlichen Persönlichkeit.","kausal"
145,"Konjunktiv-Trugschluss","Dieser Trugschluss beinhaltet Behauptungen darüber, was passiert *wäre*, wenn eine andere Vorgehensweise gewählt worden wäre (ein kontrafaktischer Konjunktiv). Solche Behauptungen sind spekulativ und können nicht bewiesen werden.","''Wenn ich nur eine Stunde länger gelernt hätte, hätte ich die Prüfung bestanden.' Obwohl plausibel, ist es unmöglich zu beweisen; vielleicht war die Prüfung einfach zu schwer.'","kausal"
146,"Paket-Deal-Trugschluss","Der Fehler anzunehmen, dass Dinge, die traditionell zusammengefasst werden, immer zusammengefasst werden müssen.","''Mein Gegner ist für die Abtreibung und gegen Steuersenkungen, also muss er auch die Waffenkontrolle unterstützen.' Dies setzt ein Standard-'Paket' politischer Überzeugungen voraus.'","konditional"
147,"Nackte-Behauptung-Trugschluss","Dieser Trugschluss tritt auf, wenn eine Schlussfolgerung ohne unterstützende Beweise oder Begründung angeboten wird. Der Argumentierende erwartet, dass die Behauptung einfach deshalb akzeptiert wird, weil er sie geäußert hat.","'Während einer Debatte stellt ein Teilnehmer fest: 'So sind die Dinge nun mal', und liefert keine weitere Rechtfertigung für seine Position.'","konditional"
148,"Argument aus Faulheit","Der Trugschluss, eine Schlussfolgerung als richtig anzunehmen, weil der Argumentierende nicht bereit ist, sich die Mühe zu machen, die Gegenargumente zu recherchieren oder zu verstehen.","''Ich werde diesen langen Bericht über den Klimawandel nicht lesen. Er ist wahrscheinlich sowieso alles falsch.''","relevanz"
149,"Argument in die Zukunft","Der Trugschluss zu argumentieren, dass Beweise für eine Behauptung zu einem späteren Zeitpunkt enthüllt werden.","''Ich habe jetzt keinen Beweis für meine Theorie, aber die Wissenschaft wird mich irgendwann rechtfertigen.''","konditional"
150,"Chronologischer Snobismus","Das Argument, dass das Denken, die Kunst oder die Wissenschaft einer früheren Zeit von Natur aus minderwertig gegenüber der Gegenwart ist, einfach aufgrund ihrer zeitlichen Abfolge.","''Warum sollten Sie antike Philosophie lesen? Die moderne Wissenschaft hat all dieses altmodische Denken bereits widerlegt.''","relevanz"
151,"Design-Trugschluss","Die Annahme, dass, weil etwas gut gestaltet oder ästhetisch ansprechend ist, es gut oder effektiv sein muss.","''Diese neue App hat eine wunderschöne Benutzeroberfläche, also muss sie die beste für die Produktivität sein.''","relevanz"
152,"Trugschluss des Konsequens","Ein allgemeiner Begriff für jeden Trugschluss, der einen Fehler in der Argumentation aus dem Konsequens (dem 'dann'-Teil) einer bedingten Aussage beinhaltet. Beinhaltet die Bejahung des Konsequens.","''Wenn der Alarm ertönt, gibt es ein Feuer. Es gibt ein Feuer. Daher ertönt der Alarm.' (Das Feuer könnte still sein).'","formal"
153,"Trugschluss des Antezedens","Ein allgemeiner Begriff für jeden Trugschluss, der einen Fehler in der Argumentation aus dem Antezedens (dem 'wenn'-Teil) einer bedingten Aussage beinhaltet. Beinhaltet die Verneinung des Antezedens.","''Wenn ich die Grippe habe, habe ich Halsschmerzen. Ich habe nicht die Grippe. Daher habe ich keine Halsschmerzen.' (Eine Erkältung könnte auch Halsschmerzen verursachen).'","formal"
154,"Trugschluss des Graubereichs","Die Annahme, dass, weil es keine klare Grenze zwischen zwei Extremen gibt, es überhaupt keinen Unterschied zwischen ihnen gibt.","''Man kann nicht genau sagen, wann eine Person 'alt' wird. Daher gibt es keinen Unterschied zwischen 20 und 80 zu sein.''","konditional"
155,"Historiker-Trugschluss","Annehmen, dass Entscheidungsträger der Vergangenheit Ereignisse aus derselben Perspektive betrachteten und dieselben Informationen hatten wie diejenigen, die die Entscheidung nachträglich analysieren.","''Die Generäle im Ersten Weltkrieg hätten wissen müssen, dass der Grabenkrieg zu einem Patt führen würde; es war offensichtlich.' Dies ignoriert die zeitgenössischen Militärtheorien, die ihre Entscheidungen leiteten.'","relevanz"
156,"Unvollständiger Vergleich","Ein Trugschluss, bei dem ein Vergleich angestellt wird, aber die Grundlage des Vergleichs nicht spezifiziert ist, wodurch die Aussage vage und bedeutungslos bleibt.","''Unsere neue Zahnpasta ist 20% besser!' Besser als was? Die alte Formel? Ein Konkurrent? Nichts?'","konditional"
157,"Inkonsistenter Vergleich","Ein Trugschluss, bei dem in verschiedenen Teilen eines Arguments unterschiedliche Vergleichskriterien verwendet werden.","''Produkt A ist billiger als Produkt B, und Produkt C hat mehr Funktionen als Produkt A. Daher ist Produkt C das beste Preis-Leistungs-Verhältnis.' Die Kriterien (Preis, Funktionen) werden nicht konsistent angewendet.'","konditional"
158,"Voreilige Schlussfolgerung","Ein allgemeiner Begriff für jedes Argument, bei dem die Schlussfolgerung ohne ausreichende Beweise erreicht wird. Die voreilige Verallgemeinerung ist ein spezifischer Typ.","''Ich sah ihn während des Meetings zweimal auf seine Uhr schauen. Er muss gelangweilt sein und gehen wollen.''","konditional"
159,"Lokis Wette","Die unvernünftige Beharrlichkeit, dass ein Konzept nicht definiert werden kann und daher nicht diskutiert werden kann.","''Sie können 'Gerechtigkeit' nicht definieren, also können Sie nicht sagen, meine Handlungen seien ungerecht.''","relevanz"
160,"Geist-Projektions-Trugschluss","Der Trugschluss anzunehmen, dass die Art und Weise, wie man die Welt sieht, die Art und Weise widerspiegelt, wie die Welt wirklich ist.","''Ich kann mir nicht vorstellen, wie ein Quantenteilchen an zwei Orten gleichzeitig sein kann, also muss es unmöglich sein.''","relevanz"
161,"Moralistischer Trugschluss","Die Annahme, dass, weil etwas moralisch falsch ist, es kein natürlicher Teil des menschlichen Verhaltens sein kann.","''Krieg ist moralisch verwerflich, daher können Menschen keine angeborenen aggressiven Tendenzen haben.''","relevanz"
162,"Verschieben der Torpfosten","Vom Gegner zu verlangen, dass er immer mehr Punkte anspricht, nachdem das anfängliche Gegenargument befriedigt wurde, und sich weigert, das Argument des Gegners zuzugeben oder zu akzeptieren.","''Zuerst sagten Sie, ich bräuchte einen Abschluss. Jetzt, da ich einen habe, sagen Sie, ich brauche fünf Jahre Erfahrung. Wenn ich das bekomme, werden Sie sagen, ich brauche eine Beförderung.''","relevanz"
163,"Überwältigende Ausnahme","Eine Verallgemeinerung, die technisch korrekt ist, aber so viele Ausnahmen hat, dass sie praktisch bedeutungslos ist.","''Unsere Politik ist es, immer pünktlich zu sein... außer montags, oder wenn es Verkehr gibt, oder wenn ich müde bin, oder wenn es regnet.''","konditional"
164,"Abwinken","Ein Argument als nicht der Überlegung wert abzutun, ohne Beweise oder Begründung zu liefern.","''Ihr Vorschlag, die Strategie unseres Unternehmens zu ändern, ist einfach albern. Wir werden ihn nicht einmal diskutieren.''","relevanz"
165,"Zu viel beweisen","Ein Argument, das, wenn es zu seiner logischen Schlussfolgerung geführt wird, etwas beweisen würde, das der Argumentierende nicht akzeptieren möchte.","''Alle Lebensformen sind heilig und sollten niemals verletzt werden. Daher sollten Sie keine Antibiotika verwenden, um Bakterien zu töten.''","konditional"
166,"Reductio ad Absurdum (in trügerischer Form)","Ein Trugschluss, der versucht, eine Behauptung zu widerlegen, indem er sie zu einer lächerlichen oder absurden Schlussfolgerung erweitert, wobei die Erweiterung nicht logisch gerechtfertigt ist.","''Wenn wir die gleichgeschlechtliche Ehe erlauben, werden die Leute bald ihre Haustiere heiraten wollen!''","konditional"
167,"Retrospektiver Determinismus","Der Trugschluss, dass, weil ein Ereignis eingetreten ist, es unvermeidlich war und geschehen musste.","''Natürlich ist das Römische Reich gefallen. Mit seiner inneren Korruption und dem äußeren Druck musste es passieren.' Dies ignoriert, dass zu der Zeit andere Ergebnisse möglich waren.'","relevanz"
168,"Schrotflinten-Argumentation","Die Taktik, eine große Anzahl von Argumenten zu präsentieren, in der Hoffnung, dass einige davon hängen bleiben, ohne Rücksicht auf ihre Qualität oder Genauigkeit. Ähnlich wie Gish-Galopp.","'In einer Debatte über eine neue Politik listet ein Politiker fünfzig verschiedene Gründe auf, warum sie schlecht ist, ohne auf einen von ihnen näher einzugehen, was es unmöglich macht, sie alle zu widerlegen.'","relevanz"
169,"Dammbruch-Argument (Slippery Slope)","Argumentieren, dass ein einzelner, kleiner Schritt unweigerlich zu einer Kette von verwandten Ereignissen führen wird, die in einem signifikanten (normalerweise negativen) Effekt gipfeln, ohne ausreichende Beweise.","''Wenn wir Marihuana legalisieren, werden alle anfangen, härtere Drogen zu nehmen, und die Kriminalitätsraten werden in die Höhe schnellen.''","konditional"
170,"Sonderbehandlung","Standards, Prinzipien oder Regeln auf andere Personen oder Umstände anzuwenden, während man sich selbst oder die eigenen Umstände von denselben Regeln ohne angemessene Rechtfertigung ausnimmt.","''Ja, ich glaube an die Meinungsfreiheit für alle, aber die Ansichten meines Gegners sind so gefährlich, dass sie auf diesem Campus nicht erlaubt sein sollten.''","konditional"
171,"Spiritueller Trugschluss","Der Trugschluss, spirituelle oder religiöse Überzeugungen zu verwenden, um eine Schlussfolgerung in einem säkularen oder logischen Argument zu rechtfertigen.","''Mein Geschäft wird erfolgreich sein, weil Gott auf meiner Seite ist.''","relevanz"
172,"Unterdrücktes Korrelat","Der Trugschluss, zu versuchen, ein Korrelat (eine von zwei sich gegenseitig ausschließenden Optionen) neu zu definieren, so dass eine Alternative nicht mehr möglich ist.","''Ich bin nicht 'gut' oder 'böse'. Ich bin einfach ich.' Dies versucht, das Konzept des moralischen Urteils zu entfernen.'","konditional"
173,"Tokenismus","Eine kleine, symbolische Geste als angemessenen Ersatz für eine bedeutendere Aktion zu interpretieren.","''Wir können kein sexistisches Unternehmen sein. Wir haben letztes Jahr eine Frau eingestellt.''","relevanz"
174,"Zwei Unrechte ergeben ein Recht","Eine falsche Handlung zu rechtfertigen, indem man auf eine andere falsche Handlung hinweist.","''Er mag den Kongress belogen haben, aber sein Vorgänger hat dasselbe getan.''","relevanz"
175,"Unfalsifizierbarkeit (Unprüfbarkeit)","Eine Behauptung, die nicht als falsch bewiesen werden kann, weil es keine Möglichkeit gibt, sie zu testen.","''In meiner Garage gibt es einen unsichtbaren, nicht nachweisbaren Drachen. Sie können nicht beweisen, dass er nicht da ist!''","konditional"
176,"Sieg durch Definition","Ein Trugschluss, bei dem ein Argumentierender einen Begriff so neu definiert, dass sein Argument per Definition erfolgreich ist, aber nicht auf eine Weise, die für den ursprünglichen Punkt relevant ist.","''Ich bin kein 'Lügner'. Ein 'Lügner' ist jemand, der Unwahrheiten sagt, um Menschen zu verletzen, und ich habe nur versucht, Ihre Gefühle zu schonen.''","formal"
